 unit--timestamp[ms];bma280_x[mg];bma280_y[mg];bma280_z[mg];bmg160_x[mDeg];bmg160_y[mDeg];bmg160_z[mDeg];bmi160_a_x[mg];bmi160_a_y[mg];bmi160_a_z[mg];bmi160_g_x[mDeg];bmi160_g_y[mDeg];bmi160_g_z[mDeg];
0;-25;294;1062;19409;148620;-106994;-11;535;1127;15747;147155;-107788;
10;406;449;1101;31188;62622;-41687;325;398;1064;31555;56091;-37475;
20;255;519;976;48156;90148;-33813;258;475;982;60302;135375;-37963;
30;185;505;929;59875;130187;-38146;258;475;982;60302;135375;-37963;
40;193;484;910;57922;147521;-40649;181;488;986;56396;150817;-40588;
50;253;488;923;57922;147521;-40649;181;488;986;56396;150817;-40588;
60;332;509;953;47851;142517;-42297;218;442;972;44372;141540;-41870;
70;283;498;1011;41564;144653;-54138;306;430;943;37963;143249;-54870;
80;140;482;1039;43395;170532;-71716;188;444;985;40954;172851;-73608;
90;-19;501;994;51269;192749;-82275;188;444;985;49682;195861;-83251;
100;-128;486;1000;55969;197937;-81115;25;466;1034;54077;197570;-79711;
110;-142;531;996;52124;179870;-63171;-129;509;1064;49072;174987;-58654;
120;-31;564;974;45715;143615;-36499;-98;569;1098;41442;134521;-30212;
130;101;484;998;10070;63842;-17761;49;452;1081;4028;54260;-17517;
140;91;458;982;-61;34301;-18371;70;445;1104;854;1403;-9155;
150;123;464;955;976;7812;-10375;60;435;1056;854;1403;-9155;
160;130;462;933;976;7812;-10375;60;435;1056;854;1403;-9155;
170;123;470;919;6469;-4333;-5004;60;435;1056;854;1403;-9155;
180;76;468;847;8850;7751;-3601;74;444;883;8361;11291;-3540;
190;93;468;833;6347;18920;-1953;74;444;883;8361;11291;-3540;
200;113;462;837;-305;12451;549;55;441;887;4272;20812;-1831;
210;144;458;849;-9826;-3967;2929;78;443;908;-3906;9033;1037;
220;189;419;830;-18066;-23986;2929;111;430;926;-13977;-10498;2929;
230;189;412;802;-24230;-42236;-183;148;401;914;-21545;-31127;1953;
240;175;400;796;-30944;-57006;-5310;159;380;851;-34179;-61889;-7873;
250;144;351;867;-37475;-67871;-8178;145;373;855;-40039;-71166;-9887;
260;144;357;869;-38818;-72082;-7080;145;373;855;-40039;-71166;-9887;
270;164;386;880;-34545;-72021;915;122;352;892;-39123;-73059;-6652;
280;193;402;871;-28503;-75439;11047;123;373;922;-32714;-72326;3784;
290;228;421;845;-24719;-82153;16601;166;386;924;-26306;-77209;13549;
300;257;402;802;-23925;-87524;15380;244;376;865;-23803;-89477;12634;
310;238;406;755;-28747;-89416;4211;262;364;814;-32043;-88684;671;
320;212;433;767;-39367;-89111;61;207;405;814;-46691;-91491;-3051;
330;257;414;839;-57556;-100463;-4211;201;396;855;-67810;-109069;-8056;
340;261;408;865;-75866;-121948;-10070;201;396;855;-67810;-109069;-8056;
350;265;410;876;-75866;-121948;-10070;237;377;901;-83557;-132019;-14770;
360;277;404;906;-86181;-137634;-16479;267;384;929;-90820;-142028;-20874;
370;271;376;962;-92590;-139343;-20202;267;384;929;-90820;-142028;-20874;
380;259;365;996;-95214;-133361;-20507;272;373;963;-96069;-138122;-22644;
390;255;351;1015;-91125;-125122;-18310;258;354;1010;-95703;-129272;-21606;
400;265;343;1033;-82580;-119384;-13183;245;346;1049;-88500;-121276;-17517;
410;273;339;1033;-70434;-114318;-8972;255;331;1057;-77026;-117065;-11901;
420;267;330;1023;-59875;-107543;-3417;258;338;1071;-55175;-105590;-122;
430;314;332;1003;-43029;-111938;13793;270;322;1069;-46936;-109313;9460;
440;328;320;994;-43029;-111938;13793;297;324;1057;-38146;-115112;16967;
450;330;306;988;-35827;-118774;21240;297;324;1057;-38146;-115112;16967;
460;332;291;955;-28320;-127258;28564;310;304;1041;-30822;-122924;24230;
470;373;275;933;-22277;-136779;37414;320;289;1019;-22949;-132019;32043;
480;503;279;859;-17761;-147216;47363;452;254;894;-13671;-150146;49499;
490;560;279;789;-13671;-147705;49438;452;254;894;-13671;-150146;49499;
500;591;269;765;-13610;-132324;44616;540;254;791;-10803;-139587;45593;
510;595;228;785;-20690;-111145;40405;567;245;756;-16906;-117797;39916;
520;591;224;789;-19409;-91979;37231;568;213;788;-21789;-96435;36376;
530;593;230;777;-13610;-80871;36376;563;218;816;-15625;-81848;34667;
540;626;179;794;-8666;-78735;39123;565;223;826;-2685;-78430;39916;
550;642;193;798;1037;-77880;41198;589;181;822;-2685;-78430;39916;
560;642;191;787;13244;-68908;42907;608;177;818;10620;-72448;41259;
570;605;187;777;23010;-58105;45776;613;191;808;21667;-60058;43823;
580;599;199;769;33386;-52978;50354;585;192;815;31677;-51879;47851;
590;615;246;730;41015;-53771;56823;568;203;812;41198;-52124;54321;
600;658;250;714;42297;-54199;61523;593;232;771;40527;-51635;61462;
610;730;250;658;35949;-42419;54443;685;226;729;36621;-44372;56091;
620;736;228;654;35949;-42419;54443;685;226;729;36621;-44372;56091;
630;736;203;671;29479;-32470;46020;709;211;684;32714;-33569;46447;
640;730;218;673;18920;-24230;39550;707;192;692;20568;-24902;39550;
650;693;193;689;11352;-18188;34057;695;196;723;11352;-18432;34118;
660;697;216;691;6713;-18371;30639;665;194;749;6652;-17211;30029;
670;695;212;699;1647;-24353;30212;666;204;752;1953;-23071;29113;
680;720;207;710;-1098;-29357;28991;675;189;749;-1647;-29541;28747;
690;753;214;712;-3356;-28381;26367;699;195;741;-3540;-29785;25939;
700;738;214;710;-5676;-22644;23681;717;202;741;-5981;-23620;23071;
710;718;189;712;-7690;-18005;21362;703;192;756;-8544;-17761;20751;
720;714;185;712;-8361;-19042;19897;681;175;769;-9460;-18188;19165;
730;753;171;695;-6713;-24841;19775;718;170;747;-7202;-25878;19226;
740;755;166;697;-6713;-24841;19775;718;170;747;-7202;-25878;19226;
750;750;162;699;-6591;-21667;17028;728;156;732;-7202;-22521;16723;
760;732;134;689;-6835;-16906;14526;720;144;732;-7568;-17028;13671;
770;732;150;708;-5432;-14953;13305;701;128;748;-6469;-14648;12512;
780;751;146;732;-2807;-15136;13122;717;139;760;-3601;-15319;12573;
790;763;162;736;305;-12756;12145;733;141;765;-366;-13305;11779;
800;755;173;732;2990;-8850;10070;734;153;772;2685;-8666;9521;
810;734;181;724;4699;-7080;8483;721;165;776;4211;-6713;7690;
820;722;177;720;5981;-9460;7690;700;171;776;5432;-9399;6958;
830;716;197;708;6347;-12634;8300;693;179;764;5981;-12817;7690;
840;707;181;691;5065;-14465;9948;686;188;750;4699;-14770;9521;
850;703;183;687;3051;-16601;11840;682;180;740;2502;-16784;11352;
860;714;175;681;1525;-19165;14282;682;175;738;793;-19348;13854;
870;753;164;691;61;-22216;16479;704;161;731;-671;-22644;16174;
880;783;160;685;915;-21240;15625;741;146;721;305;-21545;15014;
890;769;146;695;2441;-15258;12573;749;140;727;2258;-14465;11535;
900;750;144;689;5676;-11108;10253;737;137;746;5493;-10192;9094;
910;740;154;675;11779;-14160;10559;713;151;726;12023;-14465;10131;
920;726;164;667;11779;-14160;10559;713;151;726;12023;-14465;10131;
930;728;162;656;12023;-13854;13000;713;151;726;11840;-13732;12756;
940;746;166;650;10925;-13793;15502;706;161;713;10192;-13610;15502;
950;761;160;656;8422;-13916;17211;709;168;701;7385;-13977;16906;
960;777;150;675;6164;-12451;17150;745;147;704;5249;-12084;16601;
970;792;146;673;6042;-9704;16479;756;135;718;5310;-9033;15747;
980;787;156;662;7995;-6774;14709;756;135;718;5310;-9033;15747;
990;779;162;640;9643;-5310;12634;760;137;715;7995;-6286;13732;
1000;769;162;625;8300;-5981;10498;756;151;693;9521;-5004;11474;
1010;769;167;615;5310;-6835;9094;744;157;677;7385;-5981;9521;
1020;765;154;617;1525;-7019;7995;738;152;663;-610;-7324;7141;
1030;759;142;621;-2624;-6530;7202;738;152;663;-610;-7324;7141;
1040;773;142;628;-5126;-7019;7263;734;145;671;-4638;-6713;6469;
1050;781;128;650;-5981;-7568;7934;737;135;683;-6774;-7141;6713;
1060;785;134;664;-4882;-7690;9338;747;129;697;-6835;-8056;7751;
1070;728;99;646;-2075;-7263;9399;752;124;705;-5187;-7873;9033;
1080;783;148;648;2258;-7507;9094;725;123;702;3051;-7934;8728;
1090;781;140;654;4638;-6469;12329;750;139;694;3845;-5920;11779;
1100;779;148;654;4638;-6469;12329;750;139;694;3845;-5920;11779;
1110;771;142;648;4943;-5310;11291;750;139;694;3845;-5920;11779;
1120;767;144;648;5798;-6042;11047;746;136;699;4333;-5126;10253;
1130;781;146;650;6347;-8056;11657;739;137;701;5432;-6652;10375;
1140;791;138;644;6774;-9887;12573;753;139;690;6286;-10192;12451;
1150;785;132;648;6652;-10070;13366;753;139;690;6164;-10070;12695;
1160;804;126;673;7263;-8850;12268;758;129;685;6164;-10070;12695;
1170;791;117;621;12084;-3723;9826;769;117;699;7690;-7568;10864;
1180;800;111;611;16052;-183;8483;769;113;696;15014;-1037;8300;
1190;824;119;648;7507;-3845;9216;757;107;651;13793;-793;7995;
1200;789;105;658;3906;-2868;7995;767;101;698;2441;-1953;6225;
1210;765;111;642;4516;488;7019;764;102;703;3601;-183;4699;
1220;787;115;648;4516;488;7019;746;101;695;3906;549;7568;
1230;785;115;646;5065;-366;8728;746;101;695;3906;549;7568;
1240;787;113;656;4638;-1586;9704;754;113;697;4394;-1220;9033;
1250;796;117;666;4211;-1647;10314;764;111;702;3479;-2441;9582;
1260;794;128;646;4455;61;10070;765;116;698;3784;1037;9704;
1270;791;132;638;4272;1647;10192;765;116;698;3784;1037;9704;
1280;781;107;654;3540;1464;9582;759;125;692;3173;1770;9399;
1290;769;91;671;4150;-1464;9826;752;114;706;2319;61;8911;
1300;787;97;664;7812;-4455;12268;742;92;720;5126;-3601;10437;
1310;806;119;644;12390;-3784;14526;753;86;703;10070;-5065;13610;
1320;812;125;625;14709;-1220;14038;772;107;686;14221;305;12756;
1330;818;130;630;14038;610;12329;780;115;675;14221;305;12756;
1340;839;134;630;13000;488;9826;788;115;676;12695;976;10375;
1350;814;132;625;12084;488;6164;799;113;680;11840;122;7019;
1360;789;128;623;11352;3356;2685;789;115;676;11047;1892;3051;
1370;787;128;613;10070;4150;366;763;119;673;9887;4394;244;
1380;658;142;652;7873;3295;-1281;757;121;669;1342;-1586;-5310;
1390;830;91;642;-4150;-19165;-6469;766;135;661;-7934;-18981;-10925;
1400;832;128;664;-4150;-19165;-6469;766;135;661;-1708;-15319;-793;
1410;812;166;632;732;-7995;2502;822;114;656;-1708;-15319;-793;
1420;816;146;632;2319;4089;3784;788;133;681;2258;2746;5615;
1430;751;179;572;1403;5981;-2441;780;132;675;671;7263;-854;
1440;806;142;623;-6835;-1525;-8728;720;125;696;-14038;-15869;-13671;
1450;810;101;638;-11840;-18127;-11962;748;133;674;-14038;-15869;-13671;
1460;810;134;650;-9643;-16113;-7568;795;115;665;-11596;-20996;-9643;
1470;779;162;626;-6469;-2990;-4821;779;131;677;-7690;-6164;-5065;
1480;765;152;626;-9033;671;-5004;747;152;692;-8361;2624;-5004;
1490;765;142;654;-13000;-6530;-4333;735;150;693;-13854;-4577;-5493;
1500;787;138;683;-13793;-11718;-1892;744;138;706;-15441;-12573;-3112;
1510;796;142;679;-11657;-11596;427;757;137;719;-13305;-12756;-366;
1520;810;136;664;-9094;-9765;1708;769;139;717;-10314;-10131;1342;
1530;804;128;650;-6042;-8911;2746;776;130;708;-7385;-8789;2136;
1540;828;117;642;-2563;-7995;3479;786;118;687;-3845;-8483;2929;
1550;824;119;628;1953;-2502;4028;796;106;673;976;-3845;3540;
1560;804;128;617;3662;1525;3051;791;114;671;3051;1770;2990;
1570;798;126;609;3540;2197;2197;768;119;660;2685;2075;1464;
1580;796;123;615;3540;2197;2197;768;119;660;2685;2075;1464;
1590;792;121;623;2990;1159;3051;764;123;665;2136;976;2624;
1600;812;119;611;1953;1220;3723;770;117;663;1281;671;3295;
1610;804;113;609;1586;2685;4089;777;109;658;671;2319;3784;
1620;796;113;619;915;3295;4760;774;109;659;122;3295;4150;
1630;804;123;609;-122;2258;5310;770;113;668;-1098;2197;4760;
1640;800;117;603;-1525;671;5737;774;114;661;-2685;366;5432;
1650;806;111;607;-4150;61;5004;776;111;655;-5065;-488;4577;
1660;800;101;611;-6469;-61;4150;774;101;658;-7873;-610;3540;
1670;796;123;607;-6713;-1770;2563;720;61;689;-8178;-1831;2014;
1680;791;103;628;-4455;-6103;3173;780;121;674;-5004;-6591;2319;
1690;806;117;640;-4760;-4638;6591;772;116;682;-5676;-4394;6347;
1700;814;111;642;-4760;-4638;6591;772;116;682;-5676;-4394;6347;
1710;802;121;636;-4333;-4638;5249;783;107;681;-5310;-5065;4333;
1720;806;121;636;-3295;-2990;5065;782;113;679;-4089;-3051;4516;
1730;794;105;628;-2197;-610;4638;768;105;682;-2868;-488;4028;
1740;820;126;625;-549;488;4211;783;113;673;-1342;549;3601;
1750;791;113;628;-1098;2685;4211;787;116;672;-2136;2807;3845;
1760;792;111;636;-1708;3540;3845;787;116;672;-2990;3356;3417;
1770;800;109;630;-1281;1464;4272;767;100;690;-2136;732;3845;
1780;820;125;617;-1220;-671;5126;772;105;693;-2197;-1342;4821;
1790;800;113;611;-2746;-1281;5493;784;113;678;-3967;-1647;4882;
1800;800;111;617;-4272;-1586;3723;772;102;664;-5493;-2014;3051;
1810;806;105;607;-5126;-1953;3479;776;103;663;-6408;-2441;2746;
1820;810;113;613;-5004;-3356;4089;776;103;663;-6408;-2441;2746;
1830;804;99;628;-5126;-5371;3906;783;106;667;-6042;-4272;3845;
1840;798;93;626;-4638;-5249;3234;775;102;670;-5920;-6042;3479;
1850;812;105;615;-3417;-4028;3051;770;92;671;-5187;-5493;2563;
1860;818;107;623;-3295;-2197;3417;788;99;661;-4028;-1708;2868;
1870;808;91;628;-3356;-366;2563;782;88;681;-4150;-671;1831;
1880;794;89;630;-3356;-366;2563;782;88;681;-4150;-671;1831;
1890;800;93;630;-2380;-1464;2258;782;88;681;-4150;-671;1831;
1900;816;99;617;-1342;-2441;2319;770;84;681;-2990;-2014;1770;
1910;812;105;617;-1342;-1831;2319;778;94;668;-2014;-2868;1892;
1920;802;91;615;-1831;-305;1953;779;87;663;-2868;-61;1098;
1930;806;95;613;-1770;488;1037;779;87;663;-2868;-61;1098;
1940;806;99;605;-1342;1281;732;774;85;664;-2685;549;244;
1950;804;99;611;-2075;1953;793;780;94;658;-2380;1281;244;
1960;802;99;626;-2868;2197;671;776;96;661;-3356;1892;244;
1970;802;103;623;-2624;2197;793;774;92;667;-3906;1770;122;
1980;798;111;625;-2014;3234;1159;771;99;679;-3112;3051;854;
1990;798;107;630;-2075;2807;1464;771;99;679;-3112;3051;854;
2000;800;97;636;-2197;1586;1953;769;104;684;-3051;2319;1220;
2010;806;93;628;-2563;1037;2075;774;96;679;-3356;793;1586;
2020;806;91;636;-2868;1647;2075;775;86;677;-3723;854;1586;
2030;808;85;632;-2868;2441;1831;775;82;681;-3906;1770;1525;
2040;806;85;628;-1892;2319;1586;780;82;683;-2624;1342;976;
2050;802;89;632;-1342;-1098;1281;777;85;682;-2319;-610;854;
2060;798;87;623;-1342;-1098;1281;772;83;678;-2380;-1770;915;
2070;804;89;625;-1281;-1525;1586;772;83;678;-2380;-1770;915;
2080;804;95;623;-1159;-1647;2075;773;86;677;-2258;-1892;1403;
2090;798;101;621;-1464;-1708;2502;775;91;671;-2197;-1892;1892;
2100;798;93;619;-1708;-1525;3356;768;87;674;-2502;-2075;3906;
2110;818;93;626;-1281;-2075;5249;768;87;674;-2502;-2075;3906;
2120;806;82;623;-549;-1831;3784;785;89;670;-1708;-2624;4516;
2130;804;78;626;305;61;2502;786;75;671;-1098;-1281;2380;
2140;812;78;613;1098;1281;2136;776;72;669;-61;793;1586;
2150;802;82;613;1953;1525;2014;781;73;668;915;1342;1647;
2160;808;82;609;1708;1770;1647;785;78;661;488;1220;854;
2170;804;93;628;366;366;1892;772;81;665;-549;366;1098;
2180;804;87;623;366;366;1892;775;83;669;-854;-61;1708;
2190;812;89;623;61;427;2197;775;83;669;-854;-61;1708;
2200;810;87;623;122;1342;2380;779;82;672;-854;732;1892;
2210;814;82;626;366;1708;2807;780;77;672;-549;1586;2197;
2220;818;80;619;671;1892;2868;786;78;675;-671;2319;2380;
2230;810;66;621;-244;2685;2685;789;72;670;-671;2319;2380;
2240;816;62;626;-1342;2685;1831;783;63;665;-2014;2502;1586;
2250;816;70;619;-1892;1831;1281;786;57;669;-2929;1708;915;
2260;814;72;626;-1892;2624;366;792;61;672;-2807;1770;183;
2270;792;58;634;-1953;3051;-183;785;65;678;-2929;2807;-610;
2280;818;95;630;-976;1403;-366;750;53;692;732;-2075;-793;
2290;818;99;626;1708;-2441;122;764;74;692;732;-2075;-793;
2300;802;82;611;366;-122;1647;798;99;669;366;-1770;1159;
2310;806;76;630;-854;427;1220;774;81;672;-1953;671;976;
2320;806;70;630;-1342;-1770;1098;772;69;672;-2380;-1708;549;
2330;808;83;630;-1586;-854;1403;781;70;679;-2502;-1708;854;
2340;808;68;630;-976;-61;854;779;74;680;-1953;0;610;
2350;800;85;626;-122;-854;0;773;73;689;-1220;-1037;-549;
2360;800;89;632;-122;-854;0;773;73;689;-1220;-1037;-549;
2370;796;93;638;793;-2441;-61;771;83;685;0;-2441;-732;
2380;779;87;630;488;-2197;427;768;91;675;0;-2502;-244;
2390;781;76;632;427;-2502;1098;754;83;676;-549;-2380;488;
2400;814;107;636;1098;-3173;3295;753;74;679;61;-3356;2319;
2410;828;95;625;2136;-3356;4089;781;88;673;1403;-3723;3845;
2420;810;80;623;1525;-1159;3601;797;88;671;915;-1708;3234;
2430;810;82;609;1037;-1281;2990;780;77;675;0;-976;2624;
2440;810;76;617;854;-3234;2929;784;77;667;61;-3417;2380;
2450;818;83;621;183;-2685;2746;787;75;663;-610;-3417;2258;
2460;810;70;617;-183;-1342;2258;787;72;665;-1159;-1525;1831;
2470;810;78;613;183;-61;1647;785;70;665;-854;-549;976;
2480;808;76;609;366;549;1586;781;73;661;-610;122;1098;
2490;804;68;621;-366;610;1525;778;71;661;-1159;305;976;
2500;806;70;623;-610;793;1525;779;64;669;-1708;244;1098;
2510;814;72;611;-244;1281;1953;783;65;673;-1159;915;1464;
2520;818;66;626;366;1403;1464;786;68;668;-427;1342;1037;
2530;808;68;623;854;2014;366;779;66;664;0;1892;-183;
2540;804;72;623;854;2014;366;779;66;664;0;1892;-183;
2550;806;72;617;793;2075;244;778;68;667;-122;1831;-305;
2560;804;78;619;549;1403;122;778;70;672;-366;1159;-305;
2570;804;80;632;-183;488;427;776;75;675;-1159;244;-183;
2580;802;70;638;-915;-61;488;775;71;682;-2014;-366;61;
2590;802;68;636;-1220;-244;732;777;65;687;-2258;-549;305;
2600;810;58;636;-854;-305;976;777;65;687;-1525;-610;366;
2610;822;52;632;-122;-122;549;784;59;685;-793;-183;61;
2620;826;54;632;427;549;-61;789;55;681;-427;305;-732;
2630;818;70;630;610;488;-732;792;54;682;-366;305;-1403;
2640;810;72;623;183;122;-1403;786;62;677;-610;-122;-1953;
2650;796;72;623;-122;-366;-1953;778;66;674;-1037;-732;-2441;
2660;808;85;625;-122;-305;-1953;778;66;674;-1037;-732;-2441;
2670;808;82;597;-244;366;-1708;775;73;669;-1037;-549;-2441;
2680;814;72;576;-1892;427;-2136;772;79;662;-1342;122;-2136;
2690;808;56;587;-5004;-671;-4150;786;76;639;-3417;-61;-2990;
2700;812;62;601;-8178;-1342;-5004;782;55;643;-10375;-1953;-5737;
2710;808;62;630;-11535;-3051;-5310;779;60;681;-12634;-3540;-5798;
2720;814;62;646;-11535;-3051;-5310;779;60;681;-12634;-3540;-5798;
2730;812;74;646;-10009;-2868;-4943;779;60;681;-12634;-3540;-5798;
2740;804;74;648;-6652;-1464;-4516;782;62;688;-10437;-2990;-5493;
2750;800;80;646;-2746;732;-3967;780;69;691;-6530;-1037;-4882;
2760;800;93;630;-427;1892;-3051;770;83;687;-610;1770;-3112;
2770;804;91;634;488;1220;-2014;770;83;687;-610;1770;-3112;
2780;791;87;632;305;-122;-1159;770;89;680;-366;488;-1953;
2790;785;82;638;122;-549;-610;767;86;682;-732;-732;-1403;
2800;791;95;646;427;-427;305;760;81;683;-671;-915;-854;
2810;796;103;646;1403;-244;1037;763;87;688;-244;-671;122;
2820;808;83;640;2075;-122;1586;777;88;686;1342;-488;1220;
2830;789;62;656;2441;-366;1464;773;68;696;1892;-549;1037;
2840;789;52;650;4211;-610;1831;773;68;696;1892;-549;1037;
2850;832;83;656;7995;-3356;2624;757;50;712;4577;-1220;1770;
2860;832;91;636;10864;-7263;4150;770;63;709;9521;-5859;2441;
2870;810;72;630;9216;-5676;5432;815;92;680;10437;-7446;4699;
2880;810;68;623;8361;-6286;4394;782;58;670;7995;-6286;3723;
2890;816;58;599;8605;-3845;3906;788;63;653;8911;-5187;3845;
2900;808;58;597;8605;-3845;3906;786;51;649;7385;-3417;3112;
2910;824;70;599;7385;-3540;3784;786;51;649;7385;-3417;3112;
2920;830;58;609;5676;-5432;2136;789;53;654;5920;-4394;2624;
2930;814;48;613;3112;-7568;854;798;55;661;3601;-6835;610;
2940;824;60;605;1647;-8728;1342;794;47;663;549;-9948;1403;
2950;855;70;611;1464;-10864;2075;794;47;663;549;-9948;1403;
2960;841;76;613;671;-10620;1220;812;58;658;610;-11352;1220;
2970;824;89;601;-793;-8422;427;813;67;652;-1098;-9521;122;
2980;818;101;580;-1220;-8178;-793;789;81;646;-1953;-7812;-976;
2990;812;121;576;-2075;-7202;-488;795;97;632;-2319;-7873;-1342;
3000;789;111;576;-2807;-6958;-854;783;109;630;-4028;-7019;-1220;
3010;783;115;580;-3295;-6713;122;766;114;629;-4028;-7019;-1220;
3020;792;119;585;-2746;-6530;1892;754;116;626;-3845;-6896;671;
3030;800;113;589;-1281;-5004;3967;761;114;630;-2685;-6103;2746;
3040;808;113;580;610;-2807;4882;773;111;630;-793;-3723;4211;
3050;806;103;576;2380;-732;4699;781;106;622;1159;-1342;4272;
3060;806;97;582;2502;732;4333;781;102;623;1220;854;3845;
3070;812;91;591;610;732;5065;783;90;635;61;488;4455;
3080;816;80;593;610;732;5065;783;90;635;-915;549;4882;
3090;818;72;595;-122;915;5310;787;82;642;-915;549;4882;
3100;822;66;601;-305;1281;5310;791;71;648;-1403;915;4943;
3110;839;64;611;-427;1586;5432;797;63;652;-1342;1159;4821;
3120;837;56;621;-122;2563;4882;806;59;659;-1037;3112;3784;
3130;841;46;621;122;3540;4211;808;52;666;-1037;3112;3784;
3140;835;56;625;671;3784;3417;810;48;673;-549;3601;3112;
3150;832;56;626;1342;3356;2929;807;50;677;366;3173;2563;
3160;828;66;621;1647;2197;2502;802;54;678;854;2136;2136;
3170;812;68;615;1647;1647;2197;798;58;674;854;1159;1708;
3180;808;70;613;1464;1220;2136;790;62;670;610;976;1586;
3190;806;56;615;1037;488;2685;781;64;668;366;610;1953;
3200;824;58;619;732;-305;3295;787;57;669;-122;-366;2746;
3210;839;58;613;1159;-793;3723;799;54;667;183;-915;3356;
3220;835;56;611;1953;-549;2990;809;52;662;1098;-854;2685;
3230;839;56;601;2380;183;1708;809;50;657;1708;-122;1342;
3240;828;64;601;2685;732;305;806;54;647;2014;488;-61;
3250;810;78;591;1525;1281;-1098;786;70;642;732;854;-1892;
3260;808;82;595;1525;1281;-1098;786;70;642;732;854;-1892;
3270;804;85;599;183;854;-1037;778;76;646;-549;610;-1525;
3280;804;87;607;-305;0;-366;777;79;650;-1403;0;-793;
3290;804;72;609;-610;122;610;776;78;657;-1647;0;61;
3300;816;62;609;-244;915;1281;782;69;660;-1098;488;915;
3310;820;60;605;671;1464;1464;794;60;658;-305;1037;1037;
3320;832;62;601;976;1831;1403;793;58;658;122;1586;976;
3330;824;64;605;915;1098;1281;797;56;658;122;793;915;
3340;822;66;603;854;549;976;798;61;656;-122;61;427;
3350;826;72;607;244;-183;488;796;63;654;-549;-244;61;
3360;828;78;613;183;366;183;794;64;660;-732;-61;-244;
3370;830;80;607;366;732;61;794;69;665;-610;488;-427;
3380;824;78;615;549;122;427;792;72;666;-305;-244;-183;
3390;830;68;609;-61;-1342;610;793;70;662;-915;-1892;122;
3400;826;66;607;-671;-2014;366;799;63;658;-1647;-2319;-122;
3410;822;62;603;-610;-1159;0;798;60;656;-1525;-1220;-610;
3420;818;74;603;-549;-488;-610;794;64;658;-1281;-610;-1098;
3430;800;83;597;-305;-549;-732;782;78;650;-1220;-854;-1281;
3440;802;78;597;-305;-549;-732;782;78;650;-1220;-854;-1281;
3450;804;83;603;-854;-915;-244;782;78;650;-1586;-1220;-549;
3460;804;80;599;-915;-1098;610;777;79;649;-1831;-1342;366;
3470;814;72;595;-915;-1098;1342;779;75;648;-1892;-1220;1037;
3480;816;70;601;-671;-854;1831;791;66;648;-1586;-1037;1281;
3490;828;62;593;-610;-793;1770;795;60;648;-1464;-915;1281;
3500;826;62;595;-305;-366;1770;795;60;648;-1464;-915;1281;
3510;824;54;599;-549;183;1098;802;58;647;-1159;-427;1098;
3520;826;56;603;-1159;-61;610;799;54;647;-1464;-183;427;
3530;826;64;601;-2014;-549;244;795;56;651;-2319;-488;-122;
3540;810;70;601;-1953;-244;-122;793;61;653;-2868;-427;-610;
3550;808;70;601;-1708;61;-183;793;61;653;-2868;-427;-610;
3560;806;70;605;-2014;-366;183;785;68;653;-2746;-122;-549;
3570;808;68;605;-2014;-671;671;784;69;653;-2929;-915;-183;
3580;812;64;599;-1770;-183;1464;786;66;654;-2868;-915;366;
3590;820;62;597;-1403;610;1831;784;64;650;-2441;-122;1098;
3600;820;76;599;-1647;427;2136;794;63;651;-2685;244;1708;
3610;832;54;601;-2258;427;1953;800;54;654;-3173;366;1403;
3620;835;62;605;-2258;427;1953;800;54;654;-3173;366;1403;
3630;826;66;611;-2319;549;1586;800;54;654;-3173;366;1403;
3640;816;58;605;-2197;305;854;800;56;657;-3112;366;793;
3650;826;66;609;-2380;-61;732;791;58;659;-3112;-61;122;
3660;828;66;605;-2319;-183;1159;795;61;659;-3051;-305;488;
3670;820;64;613;-1525;427;915;795;61;659;-2136;549;183;
3680;824;72;605;-793;1403;549;797;59;657;-2136;549;183;
3690;822;60;595;-671;1708;427;792;59;655;-1525;1464;-122;
3700;820;56;607;-1098;1342;61;793;58;653;-1647;1281;-183;
3710;816;56;601;-1586;1403;61;790;55;650;-2258;976;-488;
3720;818;60;613;-2197;1342;488;788;58;663;-3356;488;183;
3730;824;60;617;-2563;-2075;915;793;59;667;-3540;-1586;610;
3740;816;56;609;-2563;-2075;915;797;61;662;-3417;-2807;366;
3750;814;60;609;-2502;-2319;793;797;61;662;-3417;-2807;366;
3760;818;56;603;-2014;-1586;793;789;57;656;-3051;-2197;244;
3770;812;54;603;-1770;-1464;1098;789;55;653;-2685;-1647;549;
3780;820;50;597;-1770;-1708;1281;791;49;652;-2807;-1831;854;
3790;826;52;585;-2258;-1831;1403;791;49;652;-2807;-1831;854;
3800;824;44;607;-2807;-1647;1464;793;48;651;-3601;-1953;854;
3810;832;46;605;-3112;-1892;1159;799;43;652;-4150;-2136;793;
3820;832;50;611;-2807;-1464;610;802;45;656;-3967;-2014;427;
3830;826;56;607;-2380;-1220;0;801;49;654;-3479;-1708;-183;
3840;814;60;597;-1831;-549;-305;797;52;654;-2563;-549;-854;
3850;820;58;601;-1708;-305;-183;792;58;654;-2563;-549;-854;
3860;818;64;603;-1770;-488;-183;790;61;653;-2624;-732;-671;
3870;818;60;605;-2014;-671;0;787;59;657;-2624;-915;-671;
3880;820;58;611;-1770;-549;549;790;57;660;-2685;-732;-244;
3890;822;58;607;-1586;-366;1037;793;58;662;-2624;-732;366;
3900;818;50;605;-1403;-915;1220;793;54;658;-1953;-915;793;
3910;814;48;595;-671;183;1159;789;48;646;-1770;-366;854;
3920;814;54;589;-671;183;1159;789;48;646;-1464;183;610;
3930;822;46;587;-427;366;1037;791;50;642;-1464;183;610;
3940;816;54;587;-1220;305;732;795;52;637;-1831;427;366;
3950;812;50;597;-1892;-366;549;790;54;642;-2929;-305;0;
3960;818;58;605;-1770;-1403;1098;785;54;652;-2197;-2563;976;
3970;816;52;607;-854;-2441;2197;788;56;649;-1770;-2929;1586;
3980;830;42;613;-366;-1403;2868;795;46;660;-854;-1159;2929;
3990;832;39;611;-61;-1159;3295;795;46;660;-854;-1159;2929;
4000;826;35;607;-61;-1159;3295;795;46;660;-854;-1159;2929;
4010;826;37;587;488;-1831;4699;796;35;659;-427;-1586;3845;
4020;835;39;597;1159;-2807;5065;800;39;651;366;-2685;4882;
4030;818;27;591;0;-3967;3479;811;42;643;-366;-4333;3295;
4040;812;52;591;-976;-3662;2624;796;33;641;-2014;-4028;2014;
4050;816;50;585;-976;-3479;1647;783;47;641;-1892;-3662;1220;
4060;791;54;583;-1525;-3845;1220;777;52;638;-2136;-4028;610;
4070;804;58;593;-1831;-4882;1525;768;56;636;-2624;-4821;915;
4080;822;50;589;-3173;-6591;2868;781;56;644;-3784;-6835;2014;
4090;835;35;599;-2990;-7324;4638;804;40;649;-3662;-7629;4394;
4100;841;37;593;-2990;-7324;4638;804;40;649;-3662;-7629;4394;
4110;835;33;597;-2746;-6774;4150;807;32;647;-3662;-6896;3723;
4120;806;31;576;-2136;-6896;3112;794;26;635;-2990;-6896;2685;
4130;826;41;580;-1586;-7751;2136;783;32;629;-2197;-7507;1525;
4140;855;39;599;-2746;-9094;3295;806;40;635;-3112;-9277;2502;
4150;863;41;601;-3295;-7324;4211;828;39;641;-4211;-7751;3784;
4160;865;39;599;-3784;-4150;3112;833;39;648;-4577;-4211;2746;
4170;878;42;593;-3967;-2929;1892;839;34;648;-4943;-2868;1220;
4180;873;39;591;-4089;-1159;-122;847;35;642;-5126;-1708;-610;
4190;875;50;583;-4150;1953;-2380;838;39;637;-5310;1708;-3112;
4200;792;11;570;-4882;5249;-3479;815;29;632;-6103;5432;-4150;
4210;830;27;585;-4577;3906;-4760;773;14;640;-5798;3906;-5187;
4220;853;46;597;-4760;-122;-2929;809;35;639;-5737;-915;-3662;
4230;841;21;593;-5371;-671;-2136;822;36;642;-6347;-1525;-2258;
4240;839;27;601;-4272;-305;-3662;804;18;649;-5371;-488;-4150;
4250;833;41;593;-2563;122;-4699;807;33;644;-3234;0;-5371;
4260;832;42;595;-1586;549;-5004;807;43;641;-2258;549;-5615;
4270;816;54;583;-793;915;-3784;790;52;644;-1586;732;-4089;
4280;814;54;593;-793;915;-3784;790;52;644;-1586;732;-4089;
4290;818;62;599;-1342;-915;-2563;790;52;644;-2258;-1525;-2807;
4300;822;42;593;-2014;-3173;-1708;786;55;647;-2990;-3906;-2014;
4310;826;60;591;-2563;-3723;-427;795;59;646;-3417;-4272;-854;
4320;828;52;587;-2075;-3173;-427;801;54;635;-3051;-3051;-793;
4330;824;50;578;-2380;-2075;-549;796;51;630;-3417;-1953;-1220;
4340;833;39;587;-3356;-1953;61;796;51;630;-3417;-1953;-1220;
4350;855;31;591;-3906;-2136;793;798;45;635;-4516;-2258;-305;
4360;845;37;582;-3967;-1708;732;811;39;636;-5065;-2624;427;
4370;849;27;595;-4089;-793;244;815;34;635;-4882;-1770;244;
4380;837;23;595;-3417;-1037;-183;816;24;647;-3967;-1403;-854;
4390;837;39;580;-1403;-1098;-915;816;24;647;-3967;-1403;-854;
4400;833;31;576;-1037;-1281;-1708;806;29;638;-1708;-1281;-1647;
4410;833;46;580;-2319;-2136;-1586;803;42;631;-2014;-1525;-2136;
4420;835;29;585;-2624;-2563;-1464;804;37;634;-3479;-2685;-2136;
4430;843;25;597;-2685;-1342;-1525;807;38;633;-3662;-2685;-1892;
4440;847;25;599;-2014;183;-1525;814;27;654;-2319;549;-1831;
4450;841;37;583;2136;183;-1892;805;35;638;1831;-427;-2502;
4460;832;41;576;2136;183;-1892;805;35;638;1831;-427;-2502;
4470;830;44;576;2685;-366;-1708;805;35;638;1831;-427;-2502;
4480;833;35;582;2685;-488;-1464;805;40;627;2136;-732;-2319;
4490;832;37;583;2502;-244;-1037;802;38;624;1831;-793;-1831;
4500;841;41;574;2746;488;-610;808;38;628;1770;549;-854;
4510;861;31;603;2380;1953;-305;808;38;628;1770;549;-854;
4520;839;17;607;3479;4943;-1831;823;30;634;1708;2441;-1037;
4530;785;-17;642;7873;11535;-3967;813;13;637;3845;7080;-3295;
4540;765;-21;701;17395;18676;-2868;763;4;663;10314;14953;-4821;
4550;771;35;673;34851;25085;1586;737;0;721;23437;21789;-1708;
4560;855;11;619;51513;33813;7019;806;22;666;57861;38208;8789;
4570;666;103;482;50842;35705;8178;826;54;636;62011;44433;8605;
4580;730;13;423;50842;35705;8178;661;166;699;30151;10070;8911;
4590;816;-29;460;13427;-37658;11352;661;166;699;30151;10070;8911;
4600;955;-39;648;14038;-68054;18676;751;13;518;8850;-70678;12939;
4610;1000;58;666;13427;-37353;23437;925;-34;577;13977;-61767;22033;
4620;984;-72;601;11291;-15441;13061;949;-46;675;9277;-9216;2502;
4630;964;-78;607;9887;-11352;-4821;949;-46;675;9277;-9216;2502;
4640;974;-31;630;10986;-10742;-16906;941;-95;657;9643;-10925;-14892;
4650;955;27;642;10620;-8911;-24597;938;-47;688;11169;-10192;-22521;
4660;923;-42;630;5615;-2685;-34667;924;2;682;7995;-5859;-30761;
4670;912;-68;630;1464;-1037;-46142;892;-45;683;1525;61;-42541;
4680;900;-13;642;1098;-7141;-55114;874;-77;699;1708;-11718;-60363;
4690;900;54;660;3234;-12390;-60974;863;-32;698;1708;-11718;-60363;
4700;882;3;605;427;-7385;-66223;849;55;712;3479;-12573;-64208;
4710;839;93;570;-10253;6591;-71899;838;63;673;-9399;2929;-72204;
4720;880;167;535;3540;-427;-65002;808;90;606;-5065;5798;-69519;
4730;753;166;613;6958;-13549;-52612;808;198;613;8605;-8789;-58105;
4740;755;191;587;-3540;-20935;-40832;744;181;623;-10620;-22338;-35278;
4750;830;154;648;-9277;-30883;-28198;738;157;716;-10620;-28076;-28686;
4760;851;138;640;-9277;-30883;-28198;738;157;716;-7873;-38330;-28320;
4770;835;158;617;-6103;-41015;-28320;795;128;714;-7873;-38330;-28320;
4780;847;197;619;-1586;-51147;-24658;815;179;696;-2136;-48400;-28015;
4790;841;197;572;-6774;-63903;-14648;812;212;693;-3234;-60302;-18310;
4800;832;214;531;-15930;-73303;-6896;811;204;636;-23803;-76049;-2624;
4810;820;210;494;-25207;-75256;-915;797;212;570;-23803;-76049;-2624;
4820;839;187;468;-30273;-73120;427;795;204;536;-30700;-73791;122;
4830;845;169;439;-29663;-69458;-2197;809;169;507;-31433;-69946;-2380;
4840;832;173;417;-21728;-67993;-4943;809;155;488;-23986;-67504;-5676;
4850;839;177;408;-14831;-71350;-6835;802;171;475;-14709;-69763;-7690;
4860;841;164;406;-15197;-75866;-7507;810;178;461;-13793;-75439;-8666;
4870;785;169;369;-20019;-65795;-7080;784;173;429;-20202;-66650;-7995;
4880;769;169;337;-20019;-65795;-7080;784;173;429;-20202;-66650;-7995;
4890;775;195;320;-21789;-59875;-4699;747;178;403;-22033;-59631;-6347;
4900;833;208;324;-24414;-57922;854;752;199;373;-24414;-57678;-915;
4910;875;212;347;-28747;-54443;5737;814;211;369;-28808;-55541;5004;
4920;947;203;435;-32165;-46447;6896;853;198;392;-33142;-47790;6591;
4930;943;185;380;-32653;-31127;4943;905;188;425;-34301;-33325;4638;
4940;900;179;337;-28381;-13549;915;901;174;403;-30883;-13854;671;
4950;892;183;365;-20874;-8178;-1342;862;181;388;-22399;-7202;-2319;
4960;894;160;376;-14526;-2746;183;859;183;401;-15502;-3906;-671;
4970;890;150;369;-6286;6530;3234;869;155;405;-7812;5737;2868;
4980;906;160;396;3845;15747;6103;870;148;406;2929;15930;5920;
4990;921;167;373;11596;22521;6530;880;158;426;11169;22705;6652;
5000;908;162;390;16723;28503;5493;890;162;424;16113;28442;5187;
5010;955;130;363;16296;35217;4882;876;157;453;15808;34606;4516;
5020;933;138;353;15014;41748;4577;921;128;430;13061;42419;4394;
5030;910;130;431;15136;33813;2685;899;132;453;14221;33630;2258;
5040;921;105;371;7324;30151;1281;857;117;521;5737;28564;732;
5050;921;144;511;-9704;16723;-2502;892;128;560;-12634;15747;-3112;
5060;927;109;507;-9704;16723;-2502;892;128;560;-12634;15747;-3112;
5070;945;113;482;-7507;6713;2258;894;140;572;-8666;4394;1770;
5080;951;144;447;-5493;4333;7812;926;115;518;-6347;3417;8239;
5090;916;128;496;-8972;5187;7690;908;131;505;-10559;4882;7507;
5100;960;101;488;-14099;8300;6774;892;113;543;-16296;8300;6103;
5110;958;115;501;-12145;9033;7690;927;92;552;-13488;8850;7202;
5120;978;117;482;-8850;8056;6713;927;92;552;-9460;7568;6225;
5130;947;117;480;-10314;13183;4028;939;99;531;-11779;13427;3051;
5140;902;113;458;-11779;17150;1037;936;106;518;-13732;17639;122;
5150;871;113;455;-11535;18066;1098;893;108;522;-13183;17517;793;
5160;886;123;464;-11413;16845;3723;846;120;516;-12878;15808;3906;
5170;890;125;464;-11169;14099;5859;846;120;516;-12878;15808;3906;
5180;910;136;466;-10192;10925;7080;858;122;521;-12512;12573;6042;
5190;894;132;455;-9582;9704;6958;877;124;514;-11230;9521;6835;
5200;896;115;460;-8972;8605;5859;878;129;511;-10742;8911;6286;
5210;912;93;474;-8239;6103;5004;863;119;517;-10192;7629;5249;
5220;912;85;468;-6286;5432;3295;891;77;519;-6774;4882;2075;
5230;900;78;451;-6530;3356;-2014;865;80;521;-8300;1708;-2807;
5240;919;76;455;-6530;3356;-2014;865;80;521;-8300;1708;-2807;
5250;914;76;451;-10131;-2807;-2502;865;80;521;-8300;1708;-2807;
5260;900;85;451;-13610;-4394;-3356;884;72;509;-12390;-4943;-3051;
5270;890;85;486;-17089;-4333;-4577;878;74;501;-16174;-5249;-4272;
5280;892;99;486;-17089;-4150;-4455;863;92;535;-17944;-4455;-4760;
5290;902;105;498;-14831;-2990;-3234;863;92;535;-17944;-4455;-4760;
5300;906;89;529;-13244;-1892;-2380;875;103;538;-15258;-2868;-3356;
5310;917;85;523;-9948;-1342;-1892;885;93;564;-13732;-1953;-2502;
5320;933;89;509;-4394;-671;-2014;885;78;575;-8972;-1586;-2380;
5330;908;95;498;-1464;1159;-3479;899;79;549;-3417;-427;-2929;
5340;910;111;488;-366;2746;-4211;877;105;541;-1037;2807;-4699;
5350;898;105;498;-1647;3173;-2136;872;113;536;-2685;2868;-2136;
5360;898;97;498;-1647;3173;-2136;868;105;542;-2685;2868;-2136;
5370;906;103;496;-1098;3173;-1281;868;105;542;-2685;2868;-2136;
5380;900;97;470;671;3356;-1342;872;89;544;-1220;2929;-1525;
5390;898;105;468;549;4272;-2319;876;89;523;366;3601;-2075;
5400;886;113;490;-488;3479;-2136;856;110;538;-1892;2502;-1953;
5410;892;117;492;-732;1586;-122;856;110;538;-1892;2502;-1953;
5420;906;115;482;-488;122;1831;859;114;539;-1647;305;549;
5430;908;99;480;-488;366;2014;877;108;526;-1098;-488;1831;
5440;906;93;490;-1220;1525;1098;881;96;525;-1708;793;1220;
5450;900;93;478;-854;1770;61;875;86;536;-2197;1464;-61;
5460;906;89;474;-305;1342;-366;878;89;527;-1037;793;-1037;
5470;916;89;480;-427;1159;-793;878;89;527;-1037;793;-1037;
5480;914;85;488;-915;1098;-1464;883;86;528;-1525;1098;-1708;
5490;914;82;488;-976;610;-2563;884;77;540;-2075;854;-2563;
5500;910;89;476;-854;366;-3967;885;74;538;-1831;-122;-3906;
5510;884;97;484;-1281;1159;-5126;881;84;526;-1831;305;-5371;
5520;886;107;498;-1586;793;-4821;861;95;533;-1708;244;-4150;
5530;896;115;492;1464;854;1098;858;119;541;244;366;-549;
5540;896;107;482;1464;854;1098;867;114;535;1586;671;2197;
5550;902;113;480;2929;976;2807;867;114;535;1586;671;2197;
5560;904;109;480;4028;1220;2563;876;101;535;2990;732;2563;
5570;898;111;472;4394;2075;1403;877;98;531;3723;1586;1342;
5580;900;115;476;3784;1708;732;869;106;528;2197;1037;427;
5590;900;111;486;2746;1098;1220;868;110;530;2197;1037;427;
5600;906;101;484;2075;488;1647;873;108;536;1037;427;1159;
5610;906;95;478;2258;610;1403;878;97;533;1098;183;1159;
5620;898;97;482;2868;1770;305;879;89;531;1892;1159;122;
5630;894;101;480;3112;2136;-854;874;92;530;2197;2014;-1098;
5640;896;103;476;2868;2380;-1037;865;95;534;2014;2014;-1647;
5650;892;109;478;2441;2319;-671;869;100;530;1647;2136;-1159;
5660;892;105;484;1892;1953;-122;866;104;530;1037;1770;-610;
5670;894;109;494;2197;1586;427;865;106;535;1098;1220;-61;
5680;888;115;480;2807;1770;1098;865;107;535;1770;1464;549;
5690;900;113;488;2807;2075;1831;864;110;531;2197;1953;1281;
5700;902;105;488;2136;1098;2624;871;103;535;1403;1159;2075;
5710;906;93;482;366;-915;1831;881;89;534;-427;-1342;1342;
5720;906;89;474;366;-915;1831;881;89;534;-427;-1342;1342;
5730;904;97;480;-305;-1037;671;880;86;532;-1159;-1342;61;
5740;906;99;474;-366;-671;0;876;90;530;-1281;-976;-610;
5750;902;103;464;-488;-122;-366;874;93;520;-1281;-488;-854;
5760;898;107;474;-732;366;-549;868;99;516;-1647;122;-1037;
5770;888;101;474;-793;915;-427;862;100;522;-1770;793;-854;
5780;896;103;476;-366;1770;122;863;100;525;-1403;1464;-305;
5790;892;115;480;-183;2075;183;868;102;527;-1159;2014;-122;
5800;894;113;484;-122;2563;305;862;104;531;-1098;2197;-183;
5810;888;117;482;-244;2502;488;862;109;533;-1098;2197;61;
5820;886;121;490;-244;2319;854;859;115;538;-1342;2075;305;
5830;888;125;494;305;1770;1586;859;116;542;-732;1586;976;
5840;892;115;494;1220;1647;2136;859;116;540;366;1281;1708;
5850;892;115;484;2319;1586;2929;860;110;540;1525;1342;2563;
5860;896;99;496;2990;1892;3479;864;104;541;2258;1647;3112;
5870;902;93;500;2990;1831;3417;869;95;547;2014;1525;2929;
5880;900;97;500;2624;793;3173;869;89;551;1647;610;2624;
5890;894;93;492;2624;0;2685;871;90;548;2014;-427;2014;
5900;898;97;490;2624;0;2685;871;90;548;2014;-427;2014;
5910;902;99;480;3417;183;2441;867;89;541;2746;-244;1770;
5920;906;101;472;3417;427;2319;875;95;533;2624;244;1770;
5930;900;99;484;2563;1586;1892;876;97;530;1586;1342;1403;
5940;904;101;486;1586;2014;1586;871;94;536;427;1953;1159;
5950;898;99;478;610;1525;1586;869;96;523;-366;1220;1037;
5960;902;91;482;-61;1281;1647;867;91;533;-915;915;1098;
5970;898;101;484;-122;1403;1525;867;91;533;-915;915;1098;
5980;892;103;488;549;1464;1403;867;91;533;-366;1220;915;
5990;892;99;480;549;1464;1403;863;93;535;-366;1220;915;
6000;894;101;480;1037;1525;1403;865;98;533;244;1159;915;
6010;898;103;486;1098;1159;1464;865;98;533;244;1159;915;
6020;898;103;484;1037;1159;1770;865;98;536;244;915;1098;
6030;898;103;492;1220;976;1770;866;95;540;122;671;1342;
6040;886;99;488;1403;732;1892;868;93;541;427;549;1403;
6050;902;99;484;1708;488;1831;863;92;540;854;366;1342;
6060;898;97;490;1708;366;1953;866;94;538;732;122;1464;
6070;904;93;486;1403;0;2075;869;88;536;366;-183;1525;
6080;902;91;490;1403;0;2075;869;88;536;366;-183;1525;
6090;902;91;500;1220;183;1831;869;88;536;366;-183;1525;
6100;904;91;494;1220;610;1403;871;89;539;122;61;1159;
6110;902;85;498;2075;854;1281;871;85;548;488;366;915;
6120;900;87;496;3051;915;549;880;82;544;2441;549;-305;
6130;892;91;492;3173;732;-549;880;82;544;2441;549;-305;
6140;896;95;494;2868;244;-1098;871;86;544;2319;427;-1464;
6150;892;105;488;2868;-122;-1037;867;92;545;2014;-61;-1586;
6160;886;103;488;2563;-305;-793;866;94;541;1831;-549;-1342;
6170;894;103;480;2441;0;-366;862;98;538;1647;-488;-1159;
6180;892;105;476;2258;244;-427;868;98;525;1342;183;-854;
6190;892;101;478;1647;793;-549;868;98;525;1342;183;-854;
6200;898;103;484;1220;1342;-305;862;98;528;488;915;-1037;
6210;896;103;482;976;1220;-305;867;98;534;0;1159;-732;
6220;890;101;488;1403;2014;-427;866;95;533;183;1281;-793;
6230;898;111;490;2136;2746;-488;864;98;533;793;1892;-1037;
6240;894;105;494;2746;3295;-61;860;101;541;1892;3173;-244;
6250;894;107;513;3601;3173;671;865;99;549;2136;3112;183;
6260;894;107;503;3601;3173;671;862;101;555;3295;2929;183;
6270;890;107;496;4638;2685;793;862;101;555;3295;2929;183;
6280;890;105;498;5249;2197;1220;862;106;552;4333;2258;488;
6290;888;105;501;5432;1403;2075;862;108;552;4516;1586;1159;
6300;900;103;490;5737;976;2990;861;102;543;5187;549;2868;
6310;902;93;486;5859;488;3295;861;102;543;5187;549;2868;
6320;916;93;490;6103;427;2746;869;89;541;5126;183;2685;
6330;908;91;505;6408;1037;1098;879;80;543;5493;488;1342;
6340;900;91;500;7446;1831;-854;878;82;547;6347;1464;-732;
6350;894;107;484;8178;1770;-2014;868;88;544;7385;2014;-2258;
6360;896;109;490;6958;1281;-2319;869;102;535;5371;610;-2502;
6370;892;109;488;5187;427;-610;866;104;541;4333;0;-1525;
6380;896;109;482;5187;427;-610;866;104;541;3906;366;-671;
6390;888;109;494;4516;854;-122;867;108;534;3906;366;-671;
6400;896;101;486;3906;976;366;862;106;536;3295;854;-122;
6410;890;105;486;3540;1403;244;863;98;536;2929;854;0;
6420;894;95;494;3112;1953;122;864;95;539;2136;1892;-549;
6430;890;101;496;2746;1708;-183;865;95;540;2136;1892;-549;
6440;900;109;488;2563;1037;0;863;97;544;1770;1037;-549;
6450;904;107;486;2319;549;183;869;104;542;1525;244;-244;
6460;896;119;484;1892;488;244;870;107;540;1281;183;-122;
6470;890;115;486;1281;793;0;866;109;537;671;488;-488;
6480;884;109;494;427;549;-366;862;110;538;-1037;427;-732;
6490;888;115;492;-244;549;-122;855;110;542;-1037;427;-732;
6500;884;117;500;-610;732;122;854;110;541;-1464;427;-305;
6510;894;119;500;-305;183;183;861;115;550;-1342;305;-244;
6520;888;115;492;549;122;183;864;116;551;-488;61;-366;
6530;890;113;490;1342;-61;183;859;112;545;488;-305;-366;
6540;892;113;484;1342;-61;61;861;108;535;610;-183;-427;
6550;888;109;500;61;1098;183;858;108;541;-976;671;-427;
6560;888;109;492;61;1098;183;858;108;541;-976;671;-427;
6570;892;107;490;305;854;549;858;105;549;-793;671;-61;
6580;896;107;496;366;854;1037;861;108;539;-305;732;549;
6590;896;105;501;-183;854;1525;864;103;541;-1098;732;976;
6600;902;105;496;-427;1464;1525;871;99;548;-1403;1220;1098;
6610;902;101;492;-671;1831;1037;872;100;549;-1586;1647;671;
6620;900;103;501;-976;1403;366;874;96;548;-1708;1220;-61;
6630;890;103;498;-1098;1831;-488;867;100;547;-1892;1464;-976;
6640;878;113;501;-1220;1708;-732;857;106;553;-2136;1525;-1342;
6650;882;113;509;-854;976;-427;853;108;560;-1892;793;-854;
6660;882;109;500;244;793;549;853;108;559;-610;488;122;
6670;890;97;498;1281;-366;1464;860;105;551;427;-549;1037;
6680;888;105;501;1708;-366;1586;865;100;545;976;-1037;1037;
6690;886;105;505;1647;-366;1403;859;100;543;976;-610;793;
6700;888;113;500;1586;-610;1403;861;107;549;732;-915;854;
6710;894;113;496;1464;-854;1647;862;105;549;793;-1281;1098;
6720;890;109;490;1586;-1159;1770;858;105;541;854;-1403;1403;
6730;894;105;482;-61;-1708;2441;863;101;534;-1159;-1892;1892;
6740;882;101;476;-61;-1708;2441;863;101;534;-1159;-1892;1892;
6750;878;93;484;-549;-1586;2380;857;98;532;-1586;-1953;1953;
6760;894;107;484;-915;-2441;2807;854;94;530;-1770;-2685;2319;
6770;894;109;486;-732;-2136;3479;860;101;536;-1708;-2380;3051;
6780;886;107;496;-427;-1892;3356;859;103;545;-1342;-1953;2868;
6790;886;101;492;-183;-2441;4150;855;104;548;-976;-2929;3845;
6800;890;105;494;366;-3662;5126;855;104;548;-366;-3784;4882;
6810;902;99;492;366;-3906;5737;858;98;540;-549;-4089;5371;
6820;898;101;498;61;-3356;5859;868;96;536;-915;-3356;5187;
6830;902;99;494;-671;-2441;4821;877;95;534;-1586;-2441;3967;
6840;908;99;511;-183;-2441;3723;873;91;552;-915;-2624;2868;
6850;910;97;507;1586;-2319;2990;875;85;556;1281;-2197;2197;
6860;896;103;482;3845;-1403;1647;875;85;556;1281;-2197;2197;
6870;882;93;476;3540;-671;610;874;93;541;3540;-1342;793;
6880;863;99;476;1159;-976;976;855;97;526;2502;-549;-122;
6890;882;107;484;-549;-732;2990;841;95;527;-366;-1037;671;
6900;882;109;501;-1464;-1525;5798;856;109;545;-2380;-2075;5920;
6910;902;101;507;1586;-2746;7873;864;101;551;1525;-2807;7629;
6920;896;99;501;1586;-2746;7873;864;101;551;1525;-2807;7629;
6930;900;97;503;3845;-2319;8178;864;101;551;1525;-2807;7629;
6940;914;93;494;4333;-2563;8361;868;95;550;3601;-2319;7812;
6950;912;89;498;3112;-3662;7995;878;88;553;3601;-2868;7873;
6960;906;74;507;1098;-5004;7446;878;73;555;-366;-5798;6713;
6970;902;76;501;61;-7141;6896;878;73;555;-366;-5798;6713;
6980;890;74;492;122;-7995;6347;873;67;556;-976;-7751;6103;
6990;876;76;488;244;-7751;5981;867;68;537;-671;-8239;5554;
7000;914;87;484;915;-7629;6530;851;72;539;-244;-7629;5432;
7010;914;97;470;1892;-7263;7324;869;84;534;610;-7629;6469;
7020;902;99;474;1770;-6530;5798;878;89;522;1098;-6408;4516;
7030;902;99;468;1953;-6042;4211;878;89;522;1098;-6408;4516;
7040;910;109;472;2502;-5371;4333;870;95;523;1403;-6103;3356;
7050;912;107;480;2807;-4089;4821;883;107;520;1831;-4943;3967;
7060;917;103;472;3051;-3723;5126;882;105;524;1953;-3784;4577;
7070;906;89;458;3601;-3112;5187;884;100;521;2624;-3784;4699;
7080;912;56;470;3784;-2502;5676;878;63;511;2990;-2197;5249;
7090;923;35;464;6286;-1098;4333;881;36;520;4272;-1403;4638;
7100;912;25;464;6286;-1098;4333;889;32;515;6347;-793;2990;
7110;923;29;460;7141;-488;2502;889;32;515;6347;-793;2990;
7120;904;0;480;7019;732;549;889;20;516;6408;122;976;
7130;923;13;482;6835;1586;-549;876;10;531;6103;1220;-793;
7140;929;21;468;5676;2197;-915;902;21;525;3173;2624;-1831;
7150;914;15;482;2197;2929;-2014;902;21;525;3173;2624;-1831;
7160;919;17;492;-793;2746;-3112;890;22;536;-976;2807;-3173;
7170;933;33;484;-2136;1831;-3479;887;26;539;-2807;2136;-3967;
7180;939;50;486;-3112;915;-4394;901;34;540;-3601;1098;-4272;
7190;931;56;476;-4943;-61;-5493;906;44;535;-5065;305;-5554;
7200;923;76;460;-6408;-1342;-6530;898;49;534;-8117;-2441;-7934;
7210;933;89;460;-7446;-1831;-8239;895;62;520;-8117;-2441;-7934;
7220;919;95;476;-9094;-488;-10559;899;79;504;-9643;-1647;-10009;
7230;900;117;478;-8361;1708;-14465;887;85;519;-10375;854;-13671;
7240;876;136;476;-6103;3662;-17333;870;111;527;-7995;3051;-17395;
7250;855;154;470;-4211;4699;-18066;847;136;523;-5554;4333;-18920;
7260;869;171;460;-3112;4882;-16540;827;156;523;-4150;4333;-15197;
7270;861;171;462;-6103;3967;-12634;845;177;505;-6469;3601;-13305;
7280;875;171;464;-6103;3967;-12634;845;177;505;-8850;3356;-11718;
7290;876;171;470;-7690;3906;-10498;838;176;512;-8850;3356;-11718;
7300;871;169;435;-8544;3967;-7873;842;172;507;-9460;3479;-8911;
7310;884;152;435;-9887;4760;-5676;842;165;486;-10620;4089;-6530;
7320;867;142;431;-12084;7080;-4028;848;152;477;-14953;8422;-2929;
7330;886;134;425;-13671;9155;-2075;841;143;483;-14953;8422;-2929;
7340;886;115;435;-15808;10131;-610;855;131;476;-16662;9460;-976;
7350;873;97;458;-17395;11535;-305;856;106;488;-18920;10498;-610;
7360;892;101;458;-17028;13000;122;849;94;512;-19104;12207;-549;
7370;910;107;458;-15930;13244;1403;864;100;513;-17456;12695;793;
7380;880;91;482;-17150;14404;2136;873;103;507;-18066;13427;1708;
7390;892;82;505;-17272;14160;6347;845;83;559;-19470;13671;5554;
7400;890;76;490;-17272;14160;6347;845;83;559;-19470;13671;5554;
7410;894;66;511;-14953;12756;7934;864;76;561;-16540;12451;7690;
7420;890;64;496;-13916;11962;7812;862;65;549;-15258;11413;7568;
7430;882;66;501;-14343;12939;7385;856;64;539;-15502;12145;6896;
7440;886;66;535;-15869;13732;6652;855;64;549;-17272;13244;6286;
7450;902;64;554;-16357;14404;6164;858;61;588;-18188;13854;5798;
7460;894;66;554;-14282;13793;5554;868;59;610;-16235;13610;5249;
7470;888;72;562;-11474;13122;3906;860;62;611;-12939;12756;3662;
7480;876;87;552;-9338;12023;2929;851;72;613;-10498;11352;2319;
7490;875;91;550;-8605;9826;3662;844;85;608;-9704;9277;3173;
7500;884;87;552;-8300;7324;5187;848;87;605;-9643;6835;4821;
7510;886;83;535;-7568;5187;5920;852;80;601;-8911;4760;5493;
7520;880;82;525;-6652;4577;5798;850;75;582;-7568;4089;5371;
7530;882;78;523;-5859;4882;5249;854;74;574;-7080;4577;4699;
7540;892;56;544;-5676;4882;4272;852;68;582;-6896;4760;3662;
7550;902;46;542;-4638;4272;3601;864;48;592;-5615;3906;2929;
7560;884;52;542;-2197;3601;1586;866;39;593;-2807;3356;1037;
7570;869;56;525;1281;2258;-427;841;57;579;549;2075;-1037;
7580;876;58;523;1281;2258;-427;841;57;579;549;2075;-1037;
7590;884;54;527;915;1281;427;847;59;571;61;915;61;
7600;884;41;535;-854;1037;1464;854;50;580;-1831;610;1098;
7610;888;37;542;-1403;0;1647;859;41;591;-2380;-183;1220;
7620;880;37;537;-366;-61;1220;858;35;585;-1220;-427;610;
7630;873;50;531;183;305;427;850;38;581;-732;244;-183;
7640;875;46;533;-244;0;427;850;38;581;-1342;-183;-122;
7650;882;33;529;-1708;-1281;915;848;48;580;-2807;-1770;610;
7660;884;21;531;-2563;-1647;1098;854;42;578;-3662;-1892;610;
7670;892;19;531;-2319;-1586;183;853;27;581;-3295;-1770;-610;
7680;886;25;531;-2197;-1464;-1647;865;21;578;-2929;-1708;-2685;
7690;880;37;535;-1708;-1586;-3662;865;21;578;-2929;-1708;-2685;
7700;876;56;537;-671;-2014;-4394;854;32;590;-2258;-1892;-4699;
7710;876;64;531;61;-2563;-4089;850;49;588;-1281;-2441;-5065;
7720;876;64;533;-427;-2441;-3173;852;61;579;-854;-2807;-4333;
7730;878;64;525;-183;-2380;-3112;853;63;582;-1159;-2624;-3356;
7740;873;64;529;-366;-2685;-3112;840;66;578;-1220;-2868;-3601;
7750;882;70;537;-976;-3112;-1647;851;71;575;-1892;-3295;-2014;
7760;882;78;535;-976;-3112;-1647;851;71;575;-1892;-3295;-2014;
7770;882;72;533;-793;-2868;-1586;851;71;575;-1892;-3295;-2014;
7780;867;66;519;122;-2075;-1220;856;71;580;-1586;-2746;-1953;
7790;875;70;525;427;-2319;-183;841;74;574;-549;-2014;-1525;
7800;884;76;517;366;-3173;976;854;70;572;-610;-3540;671;
7810;882;78;513;427;-3540;976;854;70;572;-610;-3540;671;
7820;884;76;507;671;-3723;671;854;67;569;-366;-3967;366;
7830;886;70;507;305;-4211;488;852;72;557;-183;-4272;-183;
7840;890;70;515;122;-3845;183;855;70;554;-671;-4333;-183;
7850;894;66;498;427;-3479;-305;856;65;557;-671;-3967;-610;
7860;882;62;505;366;-2929;-915;855;63;549;-671;-3112;-1708;
7870;880;68;513;1220;-2014;-854;847;65;554;915;-1892;-1037;
7880;880;74;515;1220;-2014;-854;842;69;562;915;-1892;-1037;
7890;890;68;517;2319;-1892;183;842;69;562;915;-1892;-1037;
7900;884;64;527;3051;-2014;610;855;69;564;1953;-2014;122;
7910;890;72;511;4333;-1831;488;857;63;572;2807;-2136;244;
7920;875;70;498;5126;-1342;122;847;64;548;4089;-1403;-366;
7930;884;72;515;2197;-610;915;842;60;552;427;-732;732;
7940;886;70;523;1281;-366;1159;856;68;558;-244;-488;610;
7950;890;66;511;488;-366;854;855;64;567;-488;-488;305;
7960;888;66;517;488;-366;854;855;64;567;-488;-488;305;
7970;882;62;513;610;-183;610;855;64;567;-488;-488;305;
7980;890;60;517;1220;-366;488;860;56;568;549;-488;-305;
7990;882;70;517;1464;-610;-61;860;56;568;549;-488;-305;
8000;873;72;503;1342;-488;-305;852;62;565;732;-732;-915;
8010;888;62;511;610;-610;183;848;67;558;183;-854;-671;
8020;876;54;525;-427;-1098;671;853;64;563;-1403;-1220;61;
8030;878;64;521;122;-1098;976;851;56;567;-1220;-1525;427;
8040;890;70;521;976;-1342;1037;849;59;568;427;-2136;732;
8050;882;64;521;1098;-2990;1647;860;70;567;183;-3051;1159;
8060;882;66;523;1098;-2990;1647;860;70;567;183;-3845;915;
8070;888;68;517;1220;-3845;1464;857;63;569;183;-3845;915;
8080;894;62;509;1220;-4150;1342;859;63;568;549;-4028;793;
8090;894;68;513;671;-4272;488;863;60;558;122;-4333;366;
8100;876;74;498;488;-3967;0;857;62;555;-244;-3784;-305;
8110;882;72;500;366;-3479;549;851;68;548;-244;-3784;-305;
8120;875;64;496;-610;-3723;1403;851;71;544;-1037;-3662;671;
8130;867;66;501;-427;-3417;2075;844;65;547;-1403;-3662;1342;
8140;896;80;482;-122;-2990;2746;842;69;543;-854;-3295;2014;
8150;890;56;507;-1525;-2990;3173;861;71;544;-1770;-2929;2685;
8160;894;48;496;-1892;-2746;2624;864;58;552;-2258;-2136;1770;
8170;894;50;498;-1342;-1647;2258;864;50;550;-2258;-2136;1770;
8180;878;58;496;-2197;-976;1525;866;49;548;-2502;-1037;976;
8190;890;60;492;-4516;-3234;2136;848;60;556;-4821;-2563;976;
8200;892;46;482;-9155;-6103;3295;857;58;540;-9033;-6164;2746;
8210;833;1;517;-15319;-7019;2807;858;34;533;-15686;-7507;2685;
8220;843;37;511;-17761;-7019;2685;804;14;565;-19592;-7446;1770;
8230;845;15;521;-19042;-10314;7324;800;18;565;-22827;-11840;6408;
8240;906;17;541;-19042;-10314;7324;800;18;565;-22827;-11840;6408;
8250;939;27;531;-23010;-12634;13305;840;32;586;-24108;-12512;11840;
8260;966;33;500;-24169;-13977;17395;923;33;566;-25024;-14831;17211;
8270;976;21;519;-28564;-12634;16418;946;27;553;-29235;-13244;16479;
8280;964;3;517;-31494;-12023;11840;946;10;570;-33325;-12329;11718;
8290;955;-17;509;-30761;-11962;5615;934;-9;571;-32714;-12390;5187;
8300;958;-3;505;-28869;-11474;-671;924;-18;555;-30517;-12023;-1342;
8310;927;13;476;-26489;-10192;-6958;924;-1;537;-27893;-10925;-7629;
8320;841;41;500;-24658;-7202;-11596;870;35;519;-26062;-7751;-12634;
8330;859;74;482;-20996;-3662;-8850;817;62;530;-22827;-4150;-10192;
8340;857;85;486;-15258;-244;-3051;832;80;526;-16479;-488;-3295;
8350;867;93;472;-8483;2136;1342;836;90;522;-9460;1770;1098;
8360;876;82;445;-122;5798;4882;843;92;508;-793;5432;4638;
8370;892;54;435;6408;9521;6652;857;71;486;6225;9643;6652;
8380;910;41;460;8666;12451;5249;876;39;489;8239;12756;5126;
8390;904;68;449;9094;13671;976;879;37;512;8239;13549;305;
8400;884;93;457;9033;13305;-1770;869;78;504;8178;13000;-2685;
8410;888;113;523;11535;17639;2075;844;103;544;10803;17761;2014;
8420;884;121;531;11535;17639;2075;844;103;544;10803;17761;2014;
8430;853;115;523;17944;20080;6469;853;123;574;18127;20324;6835;
8440;867;91;519;25878;21057;11840;830;116;561;26550;21240;12207;
8450;900;33;535;33020;23315;16906;848;70;566;33691;23437;17578;
8460;890;-95;402;39733;25207;16540;906;-27;584;40466;25573;16296;
8470;957;-109;525;44677;28625;6286;930;-143;604;45471;29113;4272;
8480;931;-99;519;47302;26611;-10070;930;-143;604;47424;26489;-13671;
8490;896;-42;488;42175;23132;-23010;919;-153;587;40893;22399;-25878;
8500;871;-21;539;30273;15502;-26367;880;-61;567;27404;13854;-27465;
8510;873;11;560;20202;6958;-23803;853;-4;585;17272;4821;-23559;
8520;853;27;574;15197;0;-19104;841;41;633;13610;-1708;-18371;
8530;859;42;556;14526;-11962;-8056;823;50;625;14526;-13244;-7141;
8540;871;56;544;14526;-11962;-8056;823;50;625;14526;-13244;-7141;
8550;880;52;539;14892;-14587;-2563;823;50;625;14526;-13244;-7141;
8560;878;66;525;13000;-13549;732;844;61;590;14709;-14831;-1525;
8570;869;68;515;11352;-10986;1770;853;63;572;12329;-12878;915;
8580;873;66;498;9521;-9399;1892;843;69;549;8422;-8728;1342;
8590;878;72;496;6835;-7141;1342;843;69;549;8422;-8728;1342;
8600;876;70;492;3295;-5371;305;848;67;540;4943;-6530;488;
8610;890;74;480;732;-4821;122;851;70;540;1403;-5065;-427;
8620;890;76;484;-305;-4089;-305;855;70;537;-671;-4760;-488;
8630;898;68;470;-671;-2014;-1525;863;68;527;-1342;-3662;-976;
8640;892;82;470;-1220;-183;-3295;859;69;524;-2380;549;-4333;
8650;867;78;478;-2136;1098;-4028;859;69;524;-2380;549;-4333;
8660;869;91;492;-2929;1342;-3295;844;78;528;-3417;1281;-4638;
8670;875;91;490;-3784;1342;-1708;833;86;534;-4455;1098;-3295;
8680;882;83;505;-3906;1464;-488;844;89;542;-5004;1037;-1403;
8690;863;76;505;-3295;2258;-61;851;82;547;-4821;1281;-610;
8700;869;80;527;-2380;3234;427;834;70;566;-2929;3479;366;
8710;878;99;529;305;4028;2258;851;82;579;-1342;3967;1525;
8720;875;99;525;305;4028;2258;856;94;576;-488;3479;2014;
8730;875;87;521;305;3417;2746;856;94;576;-488;3479;2014;
8740;884;85;517;-122;3051;4089;843;96;574;-793;2990;2868;
8750;888;70;523;-183;2929;4821;845;85;568;-976;2685;4150;
8760;886;64;519;-366;3417;3662;854;59;571;-1159;3051;2441;
8770;878;66;519;-61;3295;2319;854;59;571;-1159;3051;2441;
8780;880;66;511;183;2807;1647;853;65;571;-732;2807;1281;
8790;884;58;523;-61;2624;1770;852;68;567;-793;2380;1098;
8800;880;58;529;-244;3051;1831;851;57;568;-1281;2441;1281;
8810;880;72;533;610;3356;1708;848;59;578;-1037;3295;1342;
8820;878;78;523;854;2197;2380;851;75;581;-305;1342;2075;
8830;882;72;525;-183;1281;2868;851;75;581;-305;1342;2075;
8840;875;62;525;-2319;122;3784;849;72;574;-2380;305;2990;
8850;882;58;533;-3906;-488;4150;846;65;572;-4455;-549;3662;
8860;892;41;535;-3784;-366;4272;848;56;580;-5004;-915;3784;
8870;890;33;527;-2685;-244;3417;860;42;583;-4150;-732;3356;
8880;890;39;519;-1708;-122;2075;864;35;576;-2197;-488;915;
8890;890;44;517;-1464;-549;854;857;41;568;-2258;-854;305;
8900;882;48;511;-1464;-549;854;859;41;563;-2441;-854;-122;
8910;884;42;511;-1464;-488;305;859;41;563;-2441;-854;-122;
8920;880;46;500;-1525;-549;-244;853;44;558;-2441;-976;-671;
8930;878;56;519;-2014;0;-610;847;48;549;-2685;-488;-976;
8940;869;66;527;-1953;1098;-732;851;55;562;-2563;1098;-1464;
8950;871;74;529;-1342;1037;-610;845;64;572;-2563;1098;-1464;
8960;873;70;529;-854;427;183;838;75;579;-1770;305;-793;
8970;882;60;531;-61;-549;1403;843;69;577;-1159;-671;793;
8980;878;60;521;793;-671;1403;852;57;579;-305;-976;1098;
8990;875;60;511;1464;-488;671;847;56;572;610;-793;427;
9000;882;60;513;854;-793;366;847;57;561;305;-976;-61;
9010;888;58;519;-183;-915;183;853;59;562;-915;-1098;-244;
9020;880;58;525;-549;-976;-61;854;60;565;-1525;-1159;-427;
9030;878;66;531;0;-305;-122;850;61;567;-1220;-793;-610;
9040;882;62;529;976;671;427;847;65;572;-61;305;-61;
9050;882;48;517;1403;1037;488;855;60;575;488;793;305;
9060;894;48;517;1281;427;122;858;48;574;488;366;-244;
9070;888;62;523;-183;-549;-1098;851;48;573;-854;-732;-1708;
9080;884;58;525;-183;-549;-1098;851;48;573;-854;-732;-1708;
9090;888;58;525;-732;-671;-793;850;58;573;-1403;-915;-1403;
9100;880;56;527;-1037;-366;-427;854;58;575;-1953;-854;-854;
9110;880;62;527;-854;-488;-427;853;59;575;-1831;-732;-854;
9120;869;64;515;-244;-610;-427;845;63;569;-1037;-793;-1037;
9130;876;66;511;-305;-305;-61;840;65;563;-976;-488;-671;
9140;882;60;515;-1098;-61;793;845;64;562;-2014;-366;305;
9150;888;48;517;-1403;-427;1220;854;59;566;-2502;-610;793;
9160;878;48;517;-915;-305;793;857;50;566;-1770;-671;366;
9170;880;52;509;-61;-183;-61;853;45;562;-671;-183;-610;
9180;880;60;501;-183;-61;-549;852;53;557;-915;0;-1098;
9190;880;54;503;-1403;-427;-183;850;61;554;-2380;-671;-671;
9200;875;64;511;-2624;-732;122;848;59;553;-3662;-1220;-427;
9210;875;64;517;-2807;-488;-61;848;61;561;-3845;-732;-488;
9220;869;68;525;-1953;-305;0;845;66;572;-2929;-427;-488;
9230;882;68;527;-1037;-61;427;848;66;575;-2014;-305;0;
9240;878;68;525;-488;183;854;851;68;572;-1403;0;366;
9250;888;46;525;-610;183;1159;852;59;572;-1464;61;793;
9260;882;54;521;-610;183;1159;852;59;572;-1464;61;793;
9270;880;52;529;-732;122;1098;852;52;573;-1708;-61;549;
9280;884;54;523;-549;122;793;854;54;574;-1403;-122;244;
9290;880;52;525;-244;-244;671;851;52;574;-1098;-610;305;
9300;878;50;517;61;-549;1037;848;51;569;-732;-793;610;
9310;876;58;517;-122;-427;1098;856;53;564;-976;-549;732;
9320;871;50;531;-549;-793;976;856;53;564;-1464;-915;488;
9330;878;62;519;-122;-1098;976;854;51;570;-915;-1403;427;
9340;886;54;523;549;-549;854;850;51;570;-183;-915;488;
9350;886;52;523;1037;-427;854;851;52;565;-183;-915;488;
9360;882;56;521;1525;-610;671;856;53;573;732;-793;61;
9370;880;54;523;1464;-915;366;856;53;573;732;-793;61;
9380;884;62;525;1220;-1220;366;853;55;570;610;-1159;-122;
9390;884;56;531;1220;-1342;488;851;55;575;305;-1464;-122;
9400;875;54;519;1708;-1708;366;855;59;575;366;-1831;-122;
9410;886;62;503;2319;-1708;305;850;54;571;1098;-2014;-122;
9420;880;60;513;732;-854;488;856;60;551;-732;-915;0;
9430;890;58;509;-1586;-1342;610;857;54;566;-2502;-1586;122;
9440;876;54;517;-1586;-1342;610;857;54;566;-2502;-1586;122;
9450;882;56;519;-793;-1037;244;857;54;566;-2502;-1586;122;
9460;882;64;507;305;61;-122;851;53;562;-1342;-915;-366;
9470;880;56;505;671;793;-183;851;57;556;-244;244;-671;
9480;882;52;513;488;610;-61;850;56;563;-427;244;-366;
9490;878;48;513;366;427;183;850;56;563;-427;244;-366;
9500;880;50;517;183;183;244;852;53;563;-488;122;-244;
9510;880;60;521;61;-122;61;852;48;566;-793;-183;-305;
9520;882;56;523;183;0;183;854;55;570;-915;-244;-549;
9530;882;64;523;61;61;183;855;60;571;-854;-366;-488;
9540;884;52;523;122;-61;427;850;58;564;-915;-305;-183;
9550;876;44;519;-61;-122;122;850;58;564;-915;-305;-183;
9560;878;56;515;-61;0;-61;850;53;564;-1098;-366;-305;
9570;888;52;503;183;-61;183;847;51;565;-793;-427;-610;
9580;884;41;517;61;-366;549;848;57;561;-671;-488;-122;
9590;894;44;517;183;-61;610;855;48;563;-915;-671;244;
9600;898;50;517;793;610;-122;860;46;562;305;427;-1037;
9610;880;56;515;305;122;-671;852;55;563;0;122;-1342;
9620;888;60;511;305;122;-671;849;56;564;-793;-305;-976;
9630;890;58;511;-122;61;-244;849;56;564;-793;-305;-976;
9640;878;70;519;-366;244;0;851;59;563;-1159;-61;-610;
9650;876;62;529;-244;488;-122;851;62;569;-1281;244;-610;
9660;882;60;519;122;122;488;849;62;573;-793;-244;244;
9670;878;58;519;-183;-427;1037;852;60;569;-1159;-732;610;
9680;878;58;517;-183;-549;1098;851;55;563;-976;-854;488;
9690;882;56;517;61;-488;976;851;58;559;-915;-671;549;
9700;886;56;513;-183;-366;1037;851;58;559;-915;-671;549;
9710;886;62;515;-183;-366;1037;851;58;559;-915;-671;549;
9720;882;52;517;-427;-61;1037;851;57;563;-1220;-366;427;
9730;875;48;527;-183;61;732;855;54;567;-1220;-366;427;
9740;890;60;515;305;183;671;851;52;568;-549;-122;122;
9750;890;52;515;854;305;549;857;51;567;0;-61;61;
9760;886;44;527;732;305;366;859;51;567;183;-61;0;
9770;884;54;521;366;0;610;856;50;569;-305;-244;61;
9780;882;52;525;427;-122;427;859;48;574;-244;-671;-427;
9790;882;56;511;427;-488;-244;849;50;562;-61;-732;-732;
9800;882;56;521;427;-488;-244;849;50;562;-61;-732;-732;
9810;880;52;521;244;-61;-305;850;54;565;-610;-488;-793;
9820;878;54;513;244;-183;-183;851;55;567;-732;-366;-854;
9830;876;58;505;488;-549;-122;848;54;563;-305;-610;-610;
9840;888;54;505;549;-61;366;846;54;557;-732;-244;183;
9850;888;46;511;0;122;793;856;51;556;-732;-244;183;
9860;888;41;511;-427;-183;549;860;44;560;-1220;-305;122;
9870;892;42;513;-61;-61;183;859;40;562;-1098;-427;-244;
9880;892;56;517;122;183;-183;860;44;562;-793;-122;-610;
9890;876;54;519;-366;183;-488;859;55;564;-1037;61;-915;
9900;882;64;513;-366;-427;-244;853;57;567;-1342;-427;-854;
9910;880;58;525;-671;-732;-61;850;59;567;-1586;-854;-610;
9920;882;64;521;-183;-366;-122;848;59;567;-1098;-732;-549;
9930;876;68;521;183;122;-122;849;62;569;-610;-183;-671;
9940;878;52;529;305;244;244;850;63;572;-610;-122;-427;
9950;888;54;525;732;122;366;852;57;578;-305;-183;-61;
9960;886;56;513;976;-183;244;854;51;567;61;-244;-122;
9970;884;58;501;244;-671;244;855;56;553;-671;-671;-244;
9980;882;52;501;244;-671;244;855;56;553;-671;-671;-244;
9990;880;56;505;-183;-488;427;856;56;552;-976;-732;-122;
10000;882;42;501;305;-244;122;855;51;551;-610;-366;-427;
10010;884;50;501;549;549;-488;853;48;549;-183;183;-976;
10020;884;52;515;244;976;-671;853;54;554;-671;793;-1159;
10030;880;42;515;-549;610;-366;856;54;565;-1525;366;-854;
10040;880;48;515;-610;366;-183;858;48;566;-1525;61;-671;
10050;884;52;517;-305;732;-549;857;46;566;-1098;244;-1159;
10060;876;62;511;0;793;-1159;852;54;566;-976;488;-1586;
10070;873;56;525;-549;488;-976;848;61;569;-1586;488;-1342;
10080;882;60;517;-1220;244;-427;851;62;569;-2319;-122;-854;
10090;888;56;531;-1281;244;-244;850;59;570;-2258;-305;-671;
10100;878;64;513;-488;-122;-366;851;61;572;-1281;-183;-793;
10110;882;56;523;122;61;0;848;62;565;-610;0;-488;
10120;886;50;513;549;183;366;853;52;564;-427;0;-61;
10130;884;48;525;610;610;549;856;49;569;-183;366;122;
10140;884;52;519;915;793;427;855;49;567;0;488;-122;
10150;884;54;515;610;671;0;855;51;568;-305;305;-610;
10160;884;54;513;610;671;0;855;51;568;-305;305;-610;
10170;882;60;517;854;488;-488;855;51;568;0;366;-1159;
10180;880;64;521;732;610;-976;855;51;567;0;488;-1647;
10190;882;62;521;488;610;-854;851;57;568;0;488;-1647;
10200;876;56;513;549;-61;-305;845;59;567;-244;-183;-732;
10210;884;62;517;793;244;183;845;59;567;-122;-61;-183;
10220;878;58;509;610;122;427;850;58;562;-122;-61;-183;
10230;878;54;507;122;-122;915;854;57;557;-427;-61;183;
10240;890;52;505;-366;-61;1098;854;55;553;-854;-488;549;
10250;886;48;507;-427;0;488;854;51;556;-1342;-488;610;
10260;882;54;500;305;427;-183;854;53;550;-427;427;-793;
10270;884;52;507;305;732;-366;854;53;550;-427;427;-793;
10280;878;56;517;61;976;-244;851;55;555;-610;732;-1037;
10290;882;56;521;-183;854;122;850;55;560;-976;671;-732;
10300;888;56;529;-61;1098;183;853;56;565;-1281;671;-366;
10310;878;60;527;488;854;-122;857;57;575;-854;732;-366;
10320;886;68;523;976;671;-122;848;59;572;-61;244;-549;
10330;873;70;519;122;0;427;844;68;575;-793;-244;0;
10340;869;62;519;122;0;427;844;68;575;-793;-244;0;
10350;878;70;517;366;-305;976;844;68;575;-793;-244;0;
10360;884;62;515;915;-366;1464;846;65;571;-366;-427;793;
10370;882;42;505;1342;-122;1525;851;60;563;244;-366;1098;
10380;886;39;505;1342;61;1647;855;45;556;61;-122;1159;
10390;896;41;521;488;488;1342;855;45;556;-549;183;854;
10400;890;44;523;183;549;915;861;41;565;-549;183;854;
10410;880;41;521;305;671;0;861;35;570;-732;183;61;
10420;886;48;523;427;854;-671;859;38;570;-366;488;-854;
10430;876;52;521;610;793;-793;855;49;574;-183;610;-1281;
10440;878;58;511;305;183;-488;845;56;564;-610;-61;-610;
10450;882;60;521;122;0;122;845;56;564;-610;-61;-610;
10460;884;60;517;-61;244;488;847;57;566;-915;-122;-122;
10470;878;58;521;610;366;122;854;56;570;-488;244;-122;
10480;880;64;519;549;0;122;851;59;565;-61;61;-427;
10490;878;66;517;122;0;183;850;59;565;-610;-183;-427;
10500;884;60;515;-183;-244;427;851;62;568;-1098;-549;-61;
10510;876;58;515;244;-244;915;849;62;567;-732;-488;122;
10520;884;58;515;244;-244;915;848;62;567;-427;-427;488;
10530;882;62;515;488;-122;1037;848;62;567;-427;-427;488;
10540;880;58;525;427;244;1220;851;60;565;-366;-122;671;
10550;882;50;529;366;488;1159;854;54;571;-610;244;549;
10560;882;52;515;732;305;732;855;52;572;0;-183;61;
10570;886;48;513;549;122;366;855;51;566;0;-183;61;
10580;880;52;515;0;122;183;850;51;561;-610;-244;-244;
10590;882;50;515;-427;-122;0;853;48;563;-1281;-183;-427;
10600;882;52;513;-244;-61;-122;854;50;563;-1220;-366;-610;
10610;884;48;509;122;366;183;852;51;559;-915;-183;-427;
10620;890;52;517;549;549;244;856;47;562;61;427;-366;
10630;890;52;503;854;671;61;859;48;561;61;427;-366;
10640;882;48;515;427;671;-122;859;50;555;0;488;-793;
10650;888;48;511;0;671;-305;850;49;562;-793;305;-793;
10660;888;56;519;0;427;-183;853;53;568;-854;305;-671;
10670;880;56;523;305;427;-305;857;55;572;-610;244;-610;
10680;878;60;519;427;305;-244;854;53;570;-183;183;-915;
10690;878;64;517;732;61;-488;849;60;569;-183;-183;-1098;
10700;873;62;515;732;61;-488;849;60;569;-183;-183;-1098;
10710;875;62;517;610;-61;-122;844;60;564;-244;-305;-793;
10720;890;54;517;244;0;488;848;58;563;-610;-122;-122;
10730;890;54;515;122;427;549;855;51;567;-854;122;244;
10740;886;58;515;671;671;61;854;51;568;-244;244;-244;
10750;884;60;513;915;610;-61;853;55;563;122;305;-549;
10760;886;56;517;305;488;61;854;59;563;-427;549;-488;
10770;884;60;515;122;427;61;855;53;568;-671;305;-549;
10780;880;58;515;183;610;-488;855;53;566;-671;244;-976;
10790;876;58;509;183;793;-1037;848;55;561;-732;488;-1403;
10800;871;54;509;-183;366;-854;853;63;559;-1037;366;-1464;
10810;873;58;511;-549;427;-1098;846;57;562;-1525;0;-1647;
10820;867;62;515;-610;854;-366;840;56;558;-1464;427;-976;
10830;875;58;525;-244;915;122;848;57;565;-1037;915;-305;
10840;886;62;517;244;1037;366;853;57;573;-610;1098;-183;
10850;886;48;525;549;1037;488;854;56;573;-305;732;-61;
10860;886;50;533;549;854;610;854;52;575;-549;305;122;
10870;882;58;523;671;427;427;856;52;579;-183;61;-122;
10880;882;50;527;671;427;427;856;52;579;-183;61;-122;
10890;886;44;529;488;61;488;854;51;573;-488;-61;-61;
10900;884;52;525;122;305;549;856;49;571;-915;-61;61;
10910;875;50;517;0;-183;-61;856;50;570;-793;-549;-610;
10920;876;58;517;0;-305;-427;849;55;568;-854;-610;-854;
10930;882;60;521;61;-305;-61;847;60;567;-915;-427;-488;
10940;880;62;521;366;-305;366;853;59;570;-549;-427;-61;
10950;876;58;517;915;-427;427;849;57;568;183;-427;-122;
10960;878;64;521;1037;-305;122;847;59;565;549;-366;-305;
10970;878;62;511;1037;-305;427;849;62;563;366;-488;-61;
10980;888;58;513;793;-244;610;851;59;562;0;-671;61;
10990;878;62;519;915;0;488;851;60;561;-61;-244;-61;
11000;888;62;517;732;305;305;851;60;561;0;122;-244;
11010;884;68;521;976;305;183;850;60;564;183;244;-305;
11020;886;56;519;1159;549;610;853;63;566;366;549;122;
11030;882;52;515;1403;1037;793;851;58;567;366;549;122;
11040;884;46;517;488;610;366;854;47;566;-671;183;-183;
11050;884;44;519;-305;0;-122;854;49;567;-1098;-122;-671;
11060;884;50;521;-305;0;-122;854;49;567;-1098;-122;-671;
11070;873;52;525;488;366;-244;854;49;567;-1098;-122;-671;
11080;884;52;519;793;793;-61;853;54;562;-244;244;-793;
11090;884;54;521;732;1037;122;854;55;566;0;549;-549;
11100;890;52;519;854;1159;0;857;48;564;61;1098;-488;
11110;886;48;513;1708;1708;-610;857;48;564;61;1098;-488;
11120;890;52;513;2441;2380;-1464;856;47;560;1342;1708;-1220;
11130;884;56;515;1403;2685;-2319;858;49;558;1464;2502;-2197;
11140;878;50;507;732;2624;-2746;857;54;558;122;2563;-2990;
11150;875;56;519;671;2807;-2868;849;56;564;-488;2380;-3417;
11160;876;64;529;1220;3234;-2990;848;60;577;793;3112;-3417;
11170;880;70;533;2746;3906;-3112;848;60;577;793;3112;-3417;
11180;886;70;515;3051;4028;-3540;850;65;578;2136;3845;-3662;
11190;867;58;533;1586;4028;-4394;853;69;569;1953;3967;-4211;
11200;875;68;539;122;3784;-5737;845;59;573;-61;3662;-5249;
11210;871;68;546;305;3356;-6896;839;58;591;-1159;3356;-6896;
11220;873;68;550;1098;2929;-6958;844;71;601;793;2319;-7263;
11230;892;70;533;3112;1708;-5554;848;65;601;2258;1281;-5981;
11240;896;60;521;3112;1708;-5554;858;65;587;2258;1281;-5981;
11250;896;64;521;2197;1342;-6347;858;65;587;2258;1281;-5981;
11260;871;64;531;305;1892;-9033;866;56;572;488;1342;-7873;
11270;849;80;523;427;2197;-9826;849;56;580;-1159;1892;-10375;
11280;869;93;525;671;793;-8850;835;92;572;-122;-427;-8300;
11290;847;82;517;305;-610;-6469;835;92;572;-122;-427;-8300;
11300;855;95;527;976;-976;-3906;831;91;572;-305;-1220;-5554;
11310;865;99;529;2380;-2197;-1647;820;92;576;915;-1708;-3173;
11320;865;99;531;4394;-2197;732;839;97;578;2807;-2563;-854;
11330;867;97;519;5798;-1770;2746;835;99;576;4821;-2075;1525;
11340;873;91;500;6652;-1831;4577;841;93;555;5676;-1953;5004;
11350;886;85;503;5554;-1647;5737;841;93;555;5676;-1953;5004;
11360;884;78;496;3906;-183;5371;853;82;546;3845;-1220;5371;
11370;880;80;509;1525;1342;3723;855;70;544;1464;610;4150;
11380;880;85;511;61;2441;1831;846;68;556;-427;1892;1831;
11390;886;82;507;-549;3173;1159;850;78;563;-1342;2685;610;
11400;880;82;523;-1525;4150;793;853;75;558;-3173;4577;0;
11410;896;85;455;-4211;5615;1892;875;88;571;-4577;4821;793;
11420;837;35;564;-8178;10131;3234;809;31;588;-9582;10375;732;
11430;919;83;527;-1403;7568;732;860;79;581;-732;5798;2624;
11440;890;64;517;-1159;6408;3906;860;79;581;-5004;6774;4760;
11450;851;27;572;-1159;6408;3906;860;63;561;-5004;6774;4760;
11460;849;23;566;-4638;7812;4394;860;63;561;-5004;6774;4760;
11470;851;21;574;-4638;7812;4394;860;63;561;-5004;6774;4760;
11480;837;35;558;-1708;5554;1708;815;28;615;-5249;6652;1892;
11490;857;56;556;4821;2075;2136;807;36;626;2685;2746;793;
11500;912;89;527;8239;-1708;3295;829;60;607;7995;-1281;2502;
11510;857;72;529;5676;0;5065;882;90;562;6713;-1525;4272;
11520;878;66;541;793;2075;5615;837;71;573;-1464;1403;4882;
11530;871;70;501;244;1342;5432;838;57;593;-1464;1403;4882;
11540;875;52;529;-1281;3356;5249;859;69;566;-1525;2380;4943;
11550;890;60;531;-3051;3234;3356;841;54;578;-4089;3234;3356;
11560;871;62;519;-3417;4760;2563;860;58;578;-4638;3906;2014;
11570;863;54;542;-3845;6530;1708;845;54;578;-5004;6225;1525;
11580;865;56;542;-2502;6225;427;831;47;596;-4089;6286;0;
11590;871;58;529;-427;5065;1159;840;58;583;-1159;4760;732;
11600;857;50;529;-427;5065;1159;840;58;583;-1159;4760;732;
11610;869;56;541;-1037;4394;1281;837;53;583;-1953;4089;976;
11620;857;56;531;-1647;3906;1525;836;56;591;-2624;3417;915;
11630;855;70;542;-1525;2929;1892;824;58;588;-2624;2624;1403;
11640;871;64;550;-1403;1708;2258;828;67;591;-2319;1342;1770;
11650;867;64;544;-1159;1525;2746;842;64;597;-2075;915;2197;
11660;871;58;546;-183;2319;2502;842;55;598;-1342;1953;2075;
11670;871;54;546;427;2868;1647;839;53;597;-488;2685;1159;
11680;884;62;550;122;2502;366;845;54;598;-671;2441;-122;
11690;869;52;544;-976;2014;-488;844;54;597;-1892;1953;-1159;
11700;875;64;544;-732;2136;-1403;833;52;597;-1831;1831;-1831;
11710;878;64;542;-427;2502;-1342;841;59;594;-1342;2319;-1953;
11720;873;56;539;-427;2502;-1342;841;59;594;-1342;2319;-1953;
11730;857;52;542;-61;2807;-1342;838;59;592;-976;2624;-1831;
11740;863;54;544;366;2807;-1220;831;55;593;-610;2624;-1647;
11750;863;60;548;549;2685;-610;834;53;591;-305;2441;-976;
11760;859;60;546;854;2380;-305;831;54;594;-122;2258;-732;
11770;853;66;544;854;1892;-244;827;61;598;0;1708;-671;
11780;859;72;542;793;976;244;825;67;595;-183;854;-122;
11790;867;64;535;488;915;732;832;65;590;-488;427;305;
11800;859;56;546;-244;1159;793;835;62;589;-1342;732;366;
11810;861;68;550;-610;1342;610;831;61;594;-1831;1159;122;
11820;857;66;541;-793;1281;671;828;61;594;-1647;1159;244;
11830;867;60;558;-671;915;732;831;63;597;-1525;793;305;
11840;876;56;544;-427;1098;854;831;63;597;-1281;793;427;
11850;871;52;548;-183;1770;610;839;59;597;-915;1647;0;
11860;869;60;544;244;2441;-183;844;52;595;-610;2319;-732;
11870;865;62;541;0;2563;-488;839;53;593;-610;2319;-732;
11880;849;58;544;-671;1831;-549;830;60;595;-1708;1342;-976;
11890;857;66;554;-488;1220;122;831;62;601;-1220;854;-122;
11900;851;62;556;-488;1220;122;831;62;601;-1220;854;-122;
11910;857;66;550;244;1464;610;831;62;601;-1220;854;-122;
11920;857;60;550;854;1892;732;829;60;601;-427;1281;244;
11930;861;64;552;915;1586;976;828;62;602;122;1586;427;
11940;859;56;546;610;1708;854;833;56;600;-183;1220;427;
11950;855;64;552;793;1464;610;833;56;600;-183;1220;427;
11960;859;58;554;793;1281;427;826;59;599;-61;1220;0;
11970;865;60;552;854;427;732;831;62;602;-122;671;61;
11980;863;46;554;1098;305;1098;835;58;602;0;0;488;
11990;871;50;560;1403;854;854;839;53;602;244;183;610;
12000;878;52;554;2319;671;244;846;45;606;1892;671;-549;
12010;869;58;550;3295;1342;-793;846;45;606;1892;671;-549;
12020;855;60;546;2319;2075;-1708;848;50;597;2380;1342;-1647;
12030;851;64;550;793;2075;-1770;833;58;592;976;2197;-2441;
12040;863;60;558;61;1586;-1586;824;59;594;-549;1647;-2258;
12050;869;58;552;793;1831;-1525;830;56;603;-976;1281;-1953;
12060;859;64;541;1892;3417;-1892;836;58;591;1281;3906;-2746;
12070;853;58;554;549;3845;-1892;824;63;595;549;4943;-2868;
12080;863;62;560;549;3845;-1892;824;61;603;-976;2563;-1953;
12090;859;62;556;-427;1647;-976;824;61;603;-976;2563;-1953;
12100;869;68;552;-427;732;-610;830;58;605;-1525;427;-1159;
12110;857;64;556;-122;1098;-671;838;61;599;-1098;427;-1098;
12120;853;66;560;183;1159;-854;828;63;613;-793;671;-1281;
12130;855;62;564;549;549;-732;828;63;613;-793;671;-1281;
12140;853;66;560;1403;305;-915;828;61;612;122;61;-1342;
12150;853;68;548;1525;-549;-854;824;63;610;854;-122;-1403;
12160;855;70;554;549;-1770;-671;825;67;604;244;-1342;-1281;
12170;859;76;546;61;-1342;-244;825;68;600;-732;-2014;-915;
12180;859;64;554;122;-732;427;830;63;601;-488;-244;-183;
12190;880;56;548;732;61;183;830;63;601;-488;-244;-183;
12200;871;56;541;1159;1159;-671;841;56;597;183;366;-610;
12210;857;58;544;366;1525;-2197;839;52;591;0;1464;-2075;
12220;851;74;552;-305;915;-2746;823;58;592;-1037;1037;-3417;
12230;851;74;550;-1037;1159;-2380;827;67;594;-1953;549;-3112;
12240;855;74;560;-793;1098;-1831;823;70;602;-1220;1037;-1953;
12250;861;74;564;1220;2075;-732;829;71;616;0;1708;-1342;
12260;857;76;568;1220;2075;-732;829;71;616;732;1647;-1098;
12270;857;76;562;1586;1647;-427;828;72;617;732;1647;-1098;
12280;843;68;558;1037;732;-305;829;69;612;549;671;-854;
12290;847;78;558;366;-183;-122;820;69;608;-244;-244;-671;
12300;855;70;558;-549;-915;854;818;73;608;-1464;-1892;854;
12310;853;70;562;-305;-1220;1403;825;70;606;-1464;-1892;854;
12320;863;74;554;366;-1220;1586;826;66;608;-671;-1586;1220;
12330;865;68;548;1281;-1525;1770;827;67;604;305;-1647;1220;
12340;861;66;548;1220;-1831;1647;832;67;599;610;-1892;1159;
12350;853;70;542;915;-2136;1708;833;67;596;244;-2136;1159;
12360;863;58;546;915;-2502;1708;827;63;595;183;-2685;1281;
12370;855;60;546;1342;-2319;1770;831;61;596;183;-2685;1281;
12380;857;64;544;1953;-1586;1647;830;61;596;976;-1892;1281;
12390;855;62;550;1892;-671;1281;829;61;595;1098;-915;854;
12400;859;60;542;1525;-549;1281;830;62;595;915;-671;732;
12410;855;58;546;1037;-671;1159;835;60;593;305;-976;732;
12420;853;66;554;488;-793;671;831;59;598;-549;-976;305;
12430;857;68;546;183;-915;305;832;60;600;-793;-1159;-183;
12440;861;68;548;183;-915;305;832;60;600;-793;-1159;-183;
12450;861;68;548;488;-427;427;832;63;597;-427;-915;-122;
12460;859;62;539;854;61;366;834;62;591;0;-183;-61;
12470;857;66;546;549;854;366;834;63;593;-122;549;-61;
12480;855;62;550;-61;61;732;831;60;601;-1037;61;183;
12490;859;64;554;-183;-305;854;836;57;601;-1220;-732;366;
12500;857;66;556;-549;-61;488;835;60;602;-1525;-488;61;
12510;861;62;558;-610;-366;183;831;60;607;-1525;-549;-427;
12520;857;68;554;-549;-244;-183;833;60;607;-1464;-610;-671;
12530;857;70;554;-366;-244;-427;829;63;607;-1403;-610;-915;
12540;865;72;562;-488;-671;-366;827;69;605;-1220;-915;-793;
12550;861;72;552;-61;-610;122;828;70;604;-915;-976;-366;
12560;857;72;562;671;-732;549;829;71;608;-305;-854;0;
12570;855;68;558;1037;-427;488;831;65;601;244;-549;-61;
12580;865;60;550;1281;-61;0;831;64;602;427;-244;-427;
12590;863;76;550;1281;61;-244;828;67;602;488;-244;-732;
12600;859;74;546;976;-366;-244;829;67;596;122;-488;-732;
12610;857;72;554;427;366;-427;830;63;600;-549;61;-854;
12620;863;66;548;427;366;-427;830;63;600;-549;61;-854;
12630;853;70;552;793;366;-427;830;65;599;0;183;-854;
12640;859;64;552;1159;610;-61;828;68;598;244;427;-671;
12650;861;68;542;1159;671;244;829;68;597;305;427;-305;
12660;863;66;550;1159;610;671;830;67;595;61;305;244;
12670;865;66;556;915;244;915;835;64;598;-244;0;427;
12680;863;66;554;732;488;793;835;64;598;-122;122;305;
12690;871;62;550;1098;671;610;834;61;604;305;366;61;
12700;867;62;550;1159;610;122;834;61;603;366;732;-427;
12710;871;62;552;854;976;-366;836;59;598;366;732;-427;
12720;857;66;548;610;1220;-732;834;62;605;-366;793;-1220;
12730;853;72;544;610;793;-793;834;62;605;-366;793;-1220;
12740;857;68;544;427;976;-488;827;63;599;-183;427;-1342;
12750;849;68;556;-122;1098;-427;833;69;595;-549;671;-976;
12760;857;72;554;122;793;-427;830;67;603;-1098;854;-915;
12770;849;72;548;305;793;-366;828;67;604;-732;549;-976;
12780;855;62;542;305;732;-305;828;65;594;-549;488;-793;
12790;857;64;554;244;1037;0;833;62;604;-732;610;-488;
12800;863;64;550;244;1037;0;833;62;604;-732;610;-488;
12810;857;62;556;671;793;-244;833;62;604;-732;610;-488;
12820;861;64;550;732;488;-305;833;64;605;-122;549;-732;
12830;867;68;558;671;244;-61;830;65;600;0;305;-671;
12840;861;62;554;549;122;183;837;60;600;-305;61;-427;
12850;869;58;554;549;366;-183;837;60;600;-305;61;-427;
12860;861;72;552;122;549;-854;834;57;594;-488;0;-854;
12870;857;78;550;-61;854;-1220;831;61;598;-915;366;-1586;
12880;851;83;546;244;671;-1037;827;71;603;-915;732;-1647;
12890;851;82;546;427;305;-488;826;77;599;-671;305;-1281;
12900;853;78;550;549;854;122;821;79;594;-366;732;-244;
12910;857;72;548;305;1037;488;821;79;594;-366;732;-244;
12920;857;76;548;305;976;793;825;74;596;-732;915;183;
12930;867;68;546;122;1464;732;827;68;598;-793;854;427;
12940;865;64;554;244;1770;122;834;64;596;-854;1220;122;
12950;859;68;558;305;1708;-305;834;62;605;-732;1525;-549;
12960;863;72;552;671;1770;-366;831;70;607;-122;1403;-732;
12970;863;66;558;122;1403;305;826;70;602;-488;1281;-305;
12980;859;68;558;122;1403;305;826;65;607;-1220;732;122;
12990;857;68;558;-488;793;793;826;65;607;-1220;732;122;
13000;857;60;560;-915;366;976;830;62;608;-1770;183;488;
13010;857;58;558;-915;305;610;833;59;606;-1953;0;366;
13020;853;66;560;-732;427;244;832;58;607;-1220;366;-488;
13030;859;62;552;-305;549;-122;832;58;607;-1220;366;-488;
13040;853;68;558;-366;244;-122;830;63;603;-1037;183;-610;
13050;869;68;552;-244;183;305;829;65;604;-1281;61;-488;
13060;859;64;548;-244;366;244;831;64;604;-1220;183;-183;
13070;855;68;550;61;793;183;832;62;602;-915;488;-122;
13080;867;60;552;610;732;61;831;61;606;-183;610;-610;
13090;853;64;546;366;915;-183;832;64;601;-183;610;-610;
13100;853;70;542;-183;976;-610;830;63;597;-793;610;-1159;
13110;847;72;560;-549;1098;-610;827;67;598;-1525;854;-1220;
13120;863;72;560;-854;793;-488;823;70;603;-1892;793;-1037;
13130;849;68;558;-610;488;-305;825;73;605;-1708;122;-854;
13140;851;76;558;-122;549;-183;825;71;604;-793;671;-610;
13150;847;72;562;0;793;61;824;72;610;-793;671;-549;
13160;857;68;550;-183;488;366;826;68;607;-1281;-244;122;
13170;863;60;542;-244;61;793;831;62;598;-854;-122;488;
13180;867;50;552;61;-122;976;830;55;599;-793;-61;305;
13190;867;50;550;122;0;671;830;55;599;-793;-61;305;
13200;867;54;550;122;0;671;830;55;599;-793;-61;305;
13210;863;56;552;122;0;671;830;55;599;-793;-61;305;
13220;869;60;548;305;61;-61;835;53;598;-610;-61;-305;
13230;863;60;548;122;183;-793;839;55;595;-732;-61;-1159;
13240;849;60;552;-549;122;-1831;836;59;594;-1403;-122;-2319;
13250;853;80;552;-854;-61;-2197;824;62;601;-1892;-427;-2685;
13260;843;76;556;-549;-244;-1403;824;73;602;-1525;-610;-2136;
13270;839;54;556;-488;-427;-793;821;70;603;-1342;-793;-1342;
13280;828;13;523;-122;-1159;-549;808;51;607;-854;-1342;-976;
13290;769;7;494;-2014;-3906;-610;790;27;579;-2014;-3601;-1098;
13300;730;7;535;-9521;-11779;244;722;20;563;-9704;-10864;-793;
13310;738;27;562;-15869;-18310;7690;703;34;579;-16906;-19104;5676;
13320;921;140;472;-18310;-17333;17883;756;68;565;-20080;-18615;17089;
13330;957;58;607;-31127;6347;19287;923;78;582;-33691;6408;19714;
13340;968;41;632;-31127;6347;19287;923;78;582;-33691;6408;19714;
13350;970;35;626;-25512;12145;12329;931;21;678;-28686;12512;11962;
13360;949;25;597;-15319;14953;2502;938;3;667;-16296;15014;2197;
13370;917;54;564;-10986;15747;-7751;910;17;637;-11230;15625;-8728;
13380;894;70;541;-13427;13671;-14038;882;59;615;-14526;13183;-15197;
13390;884;50;548;-20629;9155;-16601;872;60;605;-22705;8300;-17517;
13400;869;66;539;-25878;5310;-19409;861;42;596;-28259;4028;-19897;
13410;865;78;535;-29479;3662;-21972;840;62;583;-31494;2990;-22705;
13420;873;99;564;-30822;4638;-24047;837;80;598;-33081;3845;-24780;
13430;886;87;580;-29296;4394;-24597;848;95;622;-31005;3723;-25268;
13440;847;97;605;-24719;4333;-24414;851;84;649;-26123;3723;-24841;
13450;775;144;578;-3845;10925;-19958;754;161;616;-3234;11169;-20080;
13460;800;115;572;-3845;10925;-19958;754;161;616;-3234;11169;-20080;
13470;810;103;574;4028;14831;-8972;764;150;608;4455;15258;-7690;
13480;1074;119;451;9277;17456;-671;817;82;632;9338;17395;793;
13490;785;-29;609;12451;21545;1037;806;-3;644;11962;21301;1037;
